pick,position,video_id,title,artist,url
,1,SdGL0qxgZGM,"Tu Har Lamha Full Video - Khamoshiyan | Arijit Singh | Ali Fazal, Sapna Pabbi | Bobby-Imran",,https://www.youtube.com/watch?v=SdGL0qxgZGM
,2,JYodEWUdIso,Imran khan - Bewafa (Official Music Video),Imran khan,https://www.youtube.com/watch?v=JYodEWUdIso
,3,Ps4aVpIESkc,"ARIJIT SINGH VERSION: Bekhayali Full Song | Kabir Singh | Shahid K,Kiara A | Sandeep Reddy V| Irshad",,https://www.youtube.com/watch?v=Ps4aVpIESkc
,4,uFGreSkTMck,"JAAN SE GUZARTE HAIN (Full Video)| Dhurandhar The Revenge| Ranveer Singh| Shashwat Sachdev,Khan Saab",,https://www.youtube.com/watch?v=uFGreSkTMck
,5,BiVyN2ftrrs,"Mera Intkam Dekhegi | Shaadi Mein Zaroor Aana | Rajkummar R, Kriti K | Krishna Beuraa |Anand R Anand",Mera Intkam Dekhegi,https://www.youtube.com/watch?v=BiVyN2ftrrs
,6,tQptWKzx6G4,Nede-Nede Male Version,,https://www.youtube.com/watch?v=tQptWKzx6G4
,7,FxAG_11PzCk,Full Video: Galliyan Song | Ek Villain | Ankit Tiwari | Sidharth Malhotra | Shraddha Kapoor,,https://www.youtube.com/watch?v=FxAG_11PzCk
,8,Y7G-tYRzwYY,"""Subha Hone Na De Full Song""| Desi Boyz | Akshay Kumar ,John Abraham | Pritam |  Mika Singh, Kumaar",,https://www.youtube.com/watch?v=Y7G-tYRzwYY
,9,prrmQ4RtMpA,"Gale Lag Ja - 4K Video | De Dana Dan | Akshay Kumar, Katrina Kaif | Pritam |Javed Ali & Banjyotsna",Gale Lag Ja,https://www.youtube.com/watch?v=prrmQ4RtMpA
,10,x_elT6zkqN0,"""Oh Oh Jane Jaana"" Salman Khan Full Song | Pyaar Kiya Toh Darna Kya",,https://www.youtube.com/watch?v=x_elT6zkqN0
,11,NFsEqOBG51M,Aaj Se Teri - Lyrical | Padman | Akshay Kumar & Radhika Apte | Arijit Singh | Amit Trivedi,Aaj Se Teri,https://www.youtube.com/watch?v=NFsEqOBG51M
,12,BNfAf4To73c,"Baarish | Half Girlfriend | Arjun Kapoor & Shraddha Kapoor| Ash King ,Sashaa | Tanishk| Baarish 2024",Baarish,https://www.youtube.com/watch?v=BNfAf4To73c
,13,6d5SS0gS5bU,"Tainu Khabar Nahi - Arijit Singh | Munjya | Sharvari, Abhay Verma| Sachin-Jigar,Amitabh Bhattacharya",Tainu Khabar Nahi,https://www.youtube.com/watch?v=6d5SS0gS5bU
,14,FGTv9-oQhIg,Thodi Der -Full Video | Half Girlfriend | Arjun Kapoor & Shraddha Kapoor | Farhan S & Shreya Ghoshal,,https://www.youtube.com/watch?v=FGTv9-oQhIg
,15,ElZfdU54Cp8,"Apna Bana Le - Bhediya | Varun Dhawan, Kriti Sanon| Sachin-Jigar, Arijit Singh, Amitabh Bhattacharya",Apna Bana Le,https://www.youtube.com/watch?v=ElZfdU54Cp8
,16,lpdRqn6xwiM,Zaalima | Raees | Shah Rukh Khan | Arijit Singh & Harshdeep Kaur | JAM8 | Pritam,Zaalima,https://www.youtube.com/watch?v=lpdRqn6xwiM
,17,2uJYMlMdqeI,"Hesham Nazih - Moon Knight (From ""Moon Knight""/Audio Only)",Hesham Nazih,https://www.youtube.com/watch?v=2uJYMlMdqeI
,18,SKRVqrOp-Uk,"Ludwig Göransson - Wakanda (From ""Black Panther""/Official Audio) ft. Baaba Maal",Ludwig Göransson,https://www.youtube.com/watch?v=SKRVqrOp-Uk
,19,ufqIG3JniFg,"Ramin Djawadi - Eternals Theme (From ""Eternals""/Official Audio)",Ramin Djawadi,https://www.youtube.com/watch?v=ufqIG3JniFg
,20,O6Gkdme2bck,'Doctor Strange' Main Theme by Michael Giacchino,,https://www.youtube.com/watch?v=O6Gkdme2bck
,21,UjFSbQfcouA,Spider-Man Homecoming Soundtrack - Spider-Man Theme,Spider-Man Homecoming Soundtrack,https://www.youtube.com/watch?v=UjFSbQfcouA
,22,SQ4jZ-EAL88,Vaaroon Forever (Official Video) | Mirzapur The Movie | Shreya Ghoshal | Romy | Anand B | Ginny D,,https://www.youtube.com/watch?v=SQ4jZ-EAL88
,23,WtFwuPnzidE,Lee Brice - Hard To Love (Official Music Video),Lee Brice,https://www.youtube.com/watch?v=WtFwuPnzidE
,24,Zfgi0pFNdMU,"De Ghuma ke | CWC 2011 Theme Song | Shankar, Ehsaan and Loy",De Ghuma ke,https://www.youtube.com/watch?v=Zfgi0pFNdMU
,25,Tt5BybCUY5E,LORYN - Stand By (#CWC19) (Official Video) ft. Rudimental,LORYN,https://www.youtube.com/watch?v=Tt5BybCUY5E
,26,8i5rs0Qew7M,ICC Cricket World Cup 2015 Official Theme Song HD,,https://www.youtube.com/watch?v=8i5rs0Qew7M
,27,fOQ_-gZsnYQ,sombr - back to friends (official audio),sombr,https://www.youtube.com/watch?v=fOQ_-gZsnYQ
,28,0M1UCYRZAtM,Shawn Mendes - Why Why Why (Official Music Video),Shawn Mendes,https://www.youtube.com/watch?v=0M1UCYRZAtM
,29,pQzJ8bR3HM4,Ami Tomake | MC Headshot | Hustle 2.0,Ami Tomake,https://www.youtube.com/watch?v=pQzJ8bR3HM4
,30,OQi2Z6Im8uQ,"""Har Kisi Ko Nahi Milta Yahan Pyaar Zindagi Mein"" Boss Video Song | Akshay Kumar, Sonakshi Sinha",,https://www.youtube.com/watch?v=OQi2Z6Im8uQ
,31,CcCkXKbBkzY,Tere Ho Ke Rahenge | Raja Natwarlal | Arijit Singh | Emraan Hashmi | Humaima Malik | Yuvan Shankar R,Tere Ho Ke Rahenge,https://www.youtube.com/watch?v=CcCkXKbBkzY
,32,19E65tOn3tI,"Aashiq Banaya Aapne Title Track - Video Song | Himesh Reshammiya | Shreya Ghoshal | Emraan,Tanushree",,https://www.youtube.com/watch?v=19E65tOn3tI
,33,psaBpso9BG4,Afsana Banake Bhool Na Jaana [Full Song] | Dil Diya Hai,,https://www.youtube.com/watch?v=psaBpso9BG4
,34,EpEraRui1pc,"BOL DO NA ZARA Full Video Song | AZHAR | Emraan Hashmi, Nargis Fakhri | Armaan Malik, Amaal Mallik",,https://www.youtube.com/watch?v=EpEraRui1pc
,35,rnyrDk4G68g,Ishq Di Baajiyaan - Lyrical Video | Soorma | Diljit Dosanjh | Taapsee Pannu | Shankar Ehsaan Loy,,https://www.youtube.com/watch?v=rnyrDk4G68g
,36,TuUVVKVdZm4,Saiyyan - Kailash Kher | Paresh Kamath | Naresh Kamath | Jhoomo Re,Saiyyan,https://www.youtube.com/watch?v=TuUVVKVdZm4
,37,Vy0Wy88sXuA,"'Aa Zara' (video song) Murder 2 ft. Emraan hashmi, jacqueline fernandez",,https://www.youtube.com/watch?v=Vy0Wy88sXuA
,38,jZi8TI050ec,"O Meri Jaan - Life In A Metro | Kangana Ranaut, Shilpa Shetty, Sharman | KK | Pritam",O Meri Jaan,https://www.youtube.com/watch?v=jZi8TI050ec
,39,wmUJwQNGK3k,Anuv Jain - JO TUM MERE HO (Lyrics),Anuv Jain,https://www.youtube.com/watch?v=wmUJwQNGK3k
,40,hM9QDpLHhdw,Alvida - Life In A Metro | Pritam | KK | Amitabh Verma | Pseudo Video,Alvida,https://www.youtube.com/watch?v=hM9QDpLHhdw
,41,Dp6lbdoprZ0,"Main Rahoon Ya Na Rahoon Full Video | Emraan Hashmi, Esha Gupta | Amaal Mallik, Armaan Malik",,https://www.youtube.com/watch?v=Dp6lbdoprZ0
,42,sVRwZEkXepg,"Hamari Adhuri Kahani - Lyrical Song | Arjit Singh | Emraan Hashmi, Vidya Balan | Jeet Gannguli",Hamari Adhuri Kahani,https://www.youtube.com/watch?v=sVRwZEkXepg
,43,v_L-bAB1kUA,"Dilnashin Dilnashin Lyrical Video Song | Aashiq Banaya Aapne | K.K |Himesh|Emraan H,Tanushree,Sonu S",,https://www.youtube.com/watch?v=v_L-bAB1kUA
,44,HP2zqQsrsyg,Mann Mera - Official Video | Table No 21 | Rajeev Khandelwal & Tina Desai | Gajendra Verma,Mann Mera,https://www.youtube.com/watch?v=HP2zqQsrsyg
,45,iasxMdSu7Jo,Jiya Dhadak Dhadak Jaye | Kalyug | Rahat Fateh Ali Khan | Emraan Hashmi | Kunal Khemu | Smilie S,Jiya Dhadak Dhadak Jaye,https://www.youtube.com/watch?v=iasxMdSu7Jo
,46,maKDIvUVkQo,"Kites  ""Dil Kyun Yeh Mera Shor Kare"" Full Song (HD) | Hrithik Roshan, Bárbara Mori",,https://www.youtube.com/watch?v=maKDIvUVkQo
,47,9Bmh6vaQt0s,"Saibo - Lyrical Audio | Shor In The City | Radhika Apte, Tusshar Kapoor | Shreya Ghoshal",Saibo,https://www.youtube.com/watch?v=9Bmh6vaQt0s
,48,SOessajf_Ik,"Baatein Ye Kabhi Na - Full Video | Arijit Singh | Jeet Gannguli | Ali Fazal, Sapna | Khamoshiyan",Baatein Ye Kabhi Na,https://www.youtube.com/watch?v=SOessajf_Ik
,49,vnlk8V-q0oU,Jhalak Dikhla Ja Full Song (HD) Aksar | Emraan Hashmi,,https://www.youtube.com/watch?v=vnlk8V-q0oU
,50,ShPTaCJqeFo,"Jo Tere Sang - Blood Money | Kunal Khemu, Amrita Puri | Mustafa Zahid | Jeet Gannguli | 4K",Jo Tere Sang,https://www.youtube.com/watch?v=ShPTaCJqeFo
,51,tucWbkH5WX0,"Itni Si Baat Hain Full Video Song | AZHAR | Emraan Hashmi, Prachi Desai | Arijit Singh, Pritam",,https://www.youtube.com/watch?v=tucWbkH5WX0
,52,dFCFAhAONgk,"Tu Jo Hain Full Video - Mr. X | Emraan Hashmi, Amyra Dastur | Ankit Tiwari | Monish Raza",,https://www.youtube.com/watch?v=dFCFAhAONgk
,53,N57zVA-cRUM,"Soniyo  - Raaz 2 | Kangana Ranaut, Emraan H | Shreya Ghoshal,  Sonu Nigam | Kumaar | 4K",Soniyo,https://www.youtube.com/watch?v=N57zVA-cRUM
,54,UlacMvx_VYk,"""Beete Lamhe"" Lyrical Video Song  | The Train | K.K. | Mithoon | Emraan Hashmi, Geeta Basra",,https://www.youtube.com/watch?v=UlacMvx_VYk
,55,WCTro3qabjE,"""Pee Loon"" Lyrical Song | Once Upon A Time in Mumbai | Pritam | Emraan Hashmi, Prachi Desai",,https://www.youtube.com/watch?v=WCTro3qabjE
,56,xNG3DEN_QGk,Nede Nede - Alisha Chinoy  Lyrics | Dil kehnda main tenu bola Yaraan da katchup | lyrical video song,Nede Nede,https://www.youtube.com/watch?v=xNG3DEN_QGk
,57,gA_WEWo7JYE,Tere Liye - Lyrical | Vivek Oberoi | Atif Aslam | Shreya Ghoshal | Hindi Dance Songs,Tere Liye,https://www.youtube.com/watch?v=gA_WEWo7JYE
,58,PkhfKq9m0Uo,Tujhe Sochta Hoon (Lyrical Audio) | KK | Emraan Hashmi | Esha Gupta | Pritam | Jannat 2,,https://www.youtube.com/watch?v=PkhfKq9m0Uo
,59,HGfc06RZyjQ,"Murder 2: Aye Khuda Video With Lyrics | Emraan Hashmi, Jacqueline Fernandez",,https://www.youtube.com/watch?v=HGfc06RZyjQ
,60,vQchZx9MvJ8,"Ek Din Teri Raahon Mein - Naqaab | Javed Ali | Bobby Deol, Urvashi Sharrma, Akshaye | Pritam",,https://www.youtube.com/watch?v=vQchZx9MvJ8
,61,fVeJ6sJERR4,"Teri Yaadon Mein Lyrical Video | The Killer | K K, Shreya Ghosal | Emraan Hashmi, Nisha Kothari",,https://www.youtube.com/watch?v=fVeJ6sJERR4
,62,sSFM_hCFgko,Judai - Full Video | Emraan Hashmi | Sonal Chauhan | Kamran Ahmed | Pritam | Jannat,Judai,https://www.youtube.com/watch?v=sSFM_hCFgko
,63,-FP2Cmc7zj4,"Lyrical: Labon Ko | Bhool Bhulaiyaa | Pritam | K.K.| Akshay Kumar, Shiney Ahuja, Vidya Balan",,https://www.youtube.com/watch?v=-FP2Cmc7zj4
,64,e1edxTqJnKk,"Maahi - Full Video | Kangana Ranaut, Emraan Hashmi | Toshi & Sharib Sabri | Mohit Suri | Raaz 2",Maahi,https://www.youtube.com/watch?v=e1edxTqJnKk
,65,m1rcse8INWk,"Lyrical Video :Phir Mohabbat  | Murder 2 | Emraan Hashmi, Jacqueline Fernandez",,https://www.youtube.com/watch?v=m1rcse8INWk
,66,mWBvudKcByg,"Tu Hi Meri Shab Hai - K.K | Gangster | Emraan Hashmi, Kangna Ranaut | Full 4K Video Song",,https://www.youtube.com/watch?v=mWBvudKcByg
,67,oyaudgo5_8Y,"Hasi Full Video, Ami Mishra - Hamari Adhuri Kahani | Emraan Hashmi, Vidya Balan | Mohit Suri",,https://www.youtube.com/watch?v=oyaudgo5_8Y
,68,3QhajVg6SjE,Tu Hi Haqeeqat - Lyrical Song | Tum Mile | Emraan Hashmi | Soha Ali Khan | Javed Ali | Pritam,Tu Hi Haqeeqat,https://www.youtube.com/watch?v=3QhajVg6SjE
,69,XvUSsh3gdO4,"Mere Bina Full Video - Crook| Emraan Hashmi, Neha Sharma | Nikhil D'Souza | Pritam | Mukesh Bhatt",,https://www.youtube.com/watch?v=XvUSsh3gdO4
,70,xrSZLa14haA,Teri Jhuki Nazar Official Lyrical Video - Murder 3 | Pritam | Shafqat Amanat Ali | Bollywood Songs,,https://www.youtube.com/watch?v=xrSZLa14haA
,71,h5-Kq9k3zeo,Toh Phir Aao Video Song (4K) | Awarapan Movie Song | Emraan Hashmi | Shriya Saran | Vishesh Films,,https://www.youtube.com/watch?v=h5-Kq9k3zeo
,72,e5LShHAE03A,Aadat (Juda Hoke Bhi) | Atif Aslam | Kunal Khemu | Kalyug | Sayeed Q | Emraan Hashmi,Aadat (Juda Hoke Bhi),https://www.youtube.com/watch?v=e5LShHAE03A
,73,S-z6vyR89Ig,Kaho Na Kaho (Official Video) Murder | Emraan Hashmi | Mallika Sherawat,,https://www.youtube.com/watch?v=S-z6vyR89Ig
,74,V1fbOsHBlZE,"Haan Tu Hain - Full Video | Jannat | Emraan Hashmi, Sonal Chauhan | KK | Pritam | Sayeed Quadri",Haan Tu Hain,https://www.youtube.com/watch?v=V1fbOsHBlZE
,75,FLKxnL7KwHw,Emraan Hashmi - Woh Lamhe Woh Baatein (Lyric Video) Zeher | Atif Aslam,Emraan Hashmi,https://www.youtube.com/watch?v=FLKxnL7KwHw
,76,U2QNhsAgIIE,KK | Dil Ibaadat Kar Raha Hai (Lyrical Video) | Emraan Hashmi | Soha Ali Khan | Pritam | Tum Mile,KK,https://www.youtube.com/watch?v=U2QNhsAgIIE
,77,acdKE2hja7w,Hale Dil Lyrical | Murder 2 | Emran Hashmi | Jacqueline Fernandez | Harshit Saxena,,https://www.youtube.com/watch?v=acdKE2hja7w
,78,pmHnlBqjpm0,Ya Ali (Official Video) Gangster | Emraan Hashmi | Kangana Ranaut | Zubeen Garg | 4K Video Song,,https://www.youtube.com/watch?v=pmHnlBqjpm0
,79,3gQozRwTFzI,"TERA MERA RISHTA PURANA (LYRICS) - MUSTAFA ZAHID | AWARAPAN | EMRAAN HASHMI | PRITAM, SAYEED QUADRI",,https://www.youtube.com/watch?v=3gQozRwTFzI
,80,-8C_2BBVWk8,KK | Zara Sa - Audio Lyrical | Emraan Hashmi | Sonal Chauhan | Pritam | Sayeed Quadri | Jannat,KK | Zara Sa,https://www.youtube.com/watch?v=-8C_2BBVWk8
,81,X0B95_8O440,Old Yo Yo Honey Singh (Nonstop Remixes) - Priyanshu Nayak || Bluetooth Era Music || Dance & love Mix,,https://www.youtube.com/watch?v=X0B95_8O440
,82,ZjBZ8MUnB0E,Dua Lipa - Training Season (Official Music Video),Dua Lipa,https://www.youtube.com/watch?v=ZjBZ8MUnB0E
,83,0VwgpYJ4q38,Urvashi Video | Shahid Kapoor | Kiara Advani | Yo Yo Honey Singh | Bhushan Kumar | DirectorGifty,,https://www.youtube.com/watch?v=0VwgpYJ4q38
,84,UnflZBM_1Cc,𝐇𝐨𝐧𝐞𝐲 𝐒𝐢𝐧𝐠𝐡 𝐂𝐡𝐚𝐭𝐩𝐞𝐭𝐢  𝐩𝐥𝐚𝐲𝐥𝐢𝐬𝐭 𝐜𝐮𝐳 𝐲𝐨𝐮 𝐫𝐞𝐚𝐥𝐥𝐲 𝐧𝐞𝐞𝐝 𝐭𝐡𝐢𝐬 𝐛𝐲. 𝐌𝐢𝐬𝐬𝐩𝐞𝐫𝐟𝐮𝐦𝐞𝟎𝟏,,https://www.youtube.com/watch?v=UnflZBM_1Cc
,85,K8PvqHzxJVM,Yo Yo Honey Singh Nonstop Mega Mashup ( Mahesh Suthar Mashup ) Nonstop Party Mashup,,https://www.youtube.com/watch?v=K8PvqHzxJVM
,86,Iu8210k9WQc,Angreji Beat (Full Song): Yo Yo Honey Singh |Gippy Grewal|International Villager | New Punjabi Songs,,https://www.youtube.com/watch?v=Iu8210k9WQc
,87,RpbO8hkEmGE,Playlist For Men Who Fear Nothing (Best Of Blues) | Gentleman Songs | Dark Blues,,https://www.youtube.com/watch?v=RpbO8hkEmGE
,88,NqqXS-P0uBM,Sanson ki Mala (Mirzapur The Movie) Nusrat Fateh Ali Khan & Madhur Sharma | Pritam Ka Kuch Dosh Nahi,,https://www.youtube.com/watch?v=NqqXS-P0uBM
,89,LUgpPmj6nR8,Navjot Ahuja - Khat (Official Audio),Navjot Ahuja,https://www.youtube.com/watch?v=LUgpPmj6nR8
,90,KolxnxwKRsw,Zahir,,https://www.youtube.com/watch?v=KolxnxwKRsw
,91,xCHsyht5eac,"Tujhko (Video) Shahid, Rashmika, Kriti | Pritam, Arijit Singh, Sunidhi C, Amitabh B | Cocktail 2",,https://www.youtube.com/watch?v=xCHsyht5eac
,92,C1W-fqHw-kc,"Chal Chaiya Chaiya (( Jhankar )) Shahrukh Khan, Sukhwinder Singh | Sapna Awasthi, Malaika Arora",,https://www.youtube.com/watch?v=C1W-fqHw-kc
,93,UBBHpoW3AKA,BESABRIYAAN Full Video Song | M. S. DHONI - THE UNTOLD STORY | Sushant Singh Rajput,,https://www.youtube.com/watch?v=UBBHpoW3AKA
,94,qVHaXD7zHDQ,PHIR KABHI Full Video Song | M.S. DHONI -THE UNTOLD STORY |Arijit Singh| Sushant Singh Disha Patani,,https://www.youtube.com/watch?v=qVHaXD7zHDQ
,95,K-Ts-NFR62o,"JAB TAK Full Video | M.S. DHONI -THE UNTOLD STORY | Armaan Malik, Amaal Mallik |Sushant Singh Rajput",,https://www.youtube.com/watch?v=K-Ts-NFR62o
,96,atVof3pjT-I,KAUN TUJHE Full  Video | M.S. DHONI -THE UNTOLD STORY |Amaal Mallik Palak|Sushant Singh Disha Patani,,https://www.youtube.com/watch?v=atVof3pjT-I
,97,hoNb6HuNmU0,"Full Song: KHAIRIYAT (BONUS TRACK) | CHHICHHORE | Sushant, Shraddha | Pritam, Amitabh B|Arijit Singh",,https://www.youtube.com/watch?v=hoNb6HuNmU0
,98,hejXc_FSYb8,"SIMMBA: Tere Bin | Ranveer Singh, Sara Ali Khan | Tanishk Bagchi, Rahat Fateh Ali Khan, Asees Kaur",SIMMBA: Tere Bin,https://www.youtube.com/watch?v=hejXc_FSYb8
,99,UVbcaG2tfSE,Chalti Hai Kya 9 Se 12 Full Song | Judwaa 2 | Varun | Jacqueline | Taapsee | David Dhawan |Anu Malik,,https://www.youtube.com/watch?v=UVbcaG2tfSE
,100,vsWxs1tuwDk,Winning Speech (Music Video) Karan Aujla | Mxrci | Latest Punjabi Songs 2024,,https://www.youtube.com/watch?v=vsWxs1tuwDk
,101,AEIVhBS6baE,Gerua - Shah Rukh Khan | Kajol | Dilwale | Pritam | Arijit Singh | Antara Mitra,Gerua,https://www.youtube.com/watch?v=AEIVhBS6baE
,102,R-sh3kfdHQ4,Aditya Rikhari – TERI YAAD (Video),Aditya Rikhari,https://www.youtube.com/watch?v=R-sh3kfdHQ4
,103,nJZcbidTutE,'Sooraj Dooba Hain' FULL VIDEO SONG | Arijit singh Aditi Singh Sharma | T-SERIES,,https://www.youtube.com/watch?v=nJZcbidTutE
,104,ztPa6vkM-yY,"Full Video: Guzarish | Ghajini | Aamir Khan, Asin | A.R. Rahman | Javed Ali, Sonu Nigam",,https://www.youtube.com/watch?v=ztPa6vkM-yY
,105,RBCk1SyC1PA,Main Rang Sharbaton Ka | Arijit Singh | Phata Poster Nikhla Hero | 2013,Main Rang Sharbaton Ka,https://www.youtube.com/watch?v=RBCk1SyC1PA
,106,N2cPyl83tkQ,"Ishq Wala Love | 4K | Alia Bhatt, Sidharth Malhotra, Varun Dhawan | Neeti Mohan | Salim Merchant",,https://www.youtube.com/watch?v=N2cPyl83tkQ
,107,e8B0AzmXPV8,"First Class - Full Video | Kalank | Varun Dhawan, Alia Bhatt, Kiara | Arijit Singh, Neeti M, Pritam",First Class,https://www.youtube.com/watch?v=e8B0AzmXPV8
,108,hjWf8A0YNSE,Guru Randhawa: High Rated Gabru Official Song | DirectorGifty | Bhushan Kumar | T-Series,,https://www.youtube.com/watch?v=hjWf8A0YNSE
,109,nFgsBxw-zWQ,"Aayi Nai | Stree 2 | Shraddha Kapoor, Rajkummar Rao, Sachin-Jigar, Pawan Singh, Simran Choudhary",Aayi Nai,https://www.youtube.com/watch?v=nFgsBxw-zWQ
,110,Grr0FlC8SQA,"Kalank Title Track - Lyrical | Alia Bhatt , Varun Dhawan | Arijit Singh | Pritam| Amitabh",Kalank Title Track,https://www.youtube.com/watch?v=Grr0FlC8SQA
,111,HoCwa6gnmM0,"Nashe Si Chadh Gayi | Full Song | Befikre, Ranveer Singh, Vaani Kapoor, Arijit Singh, Vishal-Shekhar",Nashe Si Chadh Gayi,https://www.youtube.com/watch?v=HoCwa6gnmM0
,112,PVxc5mIHVuQ,"Arijit Singh: Pachtaoge | Vicky Kaushal, Nora Fatehi |Jaani, B Praak, Arvindr Khaira | Bhushan Kumar",Arijit Singh: Pachtaoge,https://www.youtube.com/watch?v=PVxc5mIHVuQ
,113,8AedZtuoVSg,"Full Video: Slow Motion | Bharat | Salman Khan,Disha Patani | Vishal &Shekhar Feat.Nakash A,Shreya G",,https://www.youtube.com/watch?v=8AedZtuoVSg
,114,VdyBtGaspss,"Chahun Main Ya Naa Full Video Song Aashiqui 2 | Aditya Roy Kapur, Shraddha Kapoor",,https://www.youtube.com/watch?v=VdyBtGaspss
,115,0bAVd9jJE2Q,"Aashiq Banaya Aapne Full Song | Himesh Reshammiya,Shreya Ghoshal | Emraan Hashmi, Tanushree",,https://www.youtube.com/watch?v=0bAVd9jJE2Q
,116,LvzDyvVC5aw,Aao Raja Full Audio - Gabbar Is Back | Chitrangada Singh | Yo Yo Honey Singh & Neha Kakkar,,https://www.youtube.com/watch?v=LvzDyvVC5aw
,117,6FURuLYrR_Q,"Ae Dil Hai Mushkil (Title Track) - Full Video | Ranbir, Anushka, Aishwarya | Arijit Singh | Pritam",,https://www.youtube.com/watch?v=6FURuLYrR_Q
,118,wh6gX8YMNf0,"Bhool Bhulaiyaa Title Track 8K Full Video | Akshay Kumar, Vidya Balan | Pritam l Neeraj Shridhar",,https://www.youtube.com/watch?v=wh6gX8YMNf0
,119,B9_nql5xBFo,"Bhool Bhulaiyaa Title Track (Full Video) | Akshay Kumar, Vidya Balan | Pritam | Neeraj Shridhar",,https://www.youtube.com/watch?v=B9_nql5xBFo
,120,8LZgzAZ2lpQ,'Abhi Toh Party Shuru Hui Hai' Full Video Song | Khoobsurat | Badshah | Sonam Kapoor | Aastha,,https://www.youtube.com/watch?v=8LZgzAZ2lpQ
,121,pIBoAh4OXhQ,Janam Janam – Dilwale | Shah Rukh Khan | Kajol | Pritam | SRK | Kajol | Lyric Video 2015,Janam Janam,https://www.youtube.com/watch?v=pIBoAh4OXhQ
,122,QwnJJXyrZhw,"LYRICAL: Love Mera Hit Hit | Billu | Shahrukh Khan, Deepika Padukone | Neeraj Shridhar, Tulsi Kumar",,https://www.youtube.com/watch?v=QwnJJXyrZhw
,123,zC3UbTf4qrM,Afghan Jalebi (Ya Baba) FULL VIDEO Song | Phantom | Saif Ali Khan Katrina Kaif Pritam Asrar T-Series,,https://www.youtube.com/watch?v=zC3UbTf4qrM
,124,5iGf_KNuN4w,"Dhadhang Dhang - Full Video | Shreya Ghoshal | Sajid Wajid | Akshay, Sonakshi | Rowdy Rathore",Dhadhang Dhang,https://www.youtube.com/watch?v=5iGf_KNuN4w
,125,52deq20h6Q4,Radha - SOTY | Alia Bhatt | Sidharth Malhotra | Varun Dhawan | Udit Narayan | Shreya Ghoshal | 4K,Radha,https://www.youtube.com/watch?v=52deq20h6Q4
,126,9vkcYxbGdTE,Palat Tera Hero Idhar Hai (Full Video) Song Main Tera Hero | Arijit Singh | Varun Dhawan,,https://www.youtube.com/watch?v=9vkcYxbGdTE
,127,pxCWiYFkvTg,Brodha V - Aathma Raama [Music Video],Brodha V,https://www.youtube.com/watch?v=pxCWiYFkvTg
,128,BDSsW194IJU,Ram Chahe Leela - Full Video Song | Priyanka Chopra | Bhoomi Trivedi | Goliyon Ki Rasleela Ram-leela,Ram Chahe Leela,https://www.youtube.com/watch?v=BDSsW194IJU
,129,8HnGpDTozTk,"Caller Tune | Humshakals | Saif Ali Khan ,Tamannaah, Bipasha Basu, Riteish Deshmukh ,Neeraj Shridhar",Caller Tune,https://www.youtube.com/watch?v=8HnGpDTozTk
,130,YVkUvmDQ3HY,Eminem - Without Me (Official Music Video),Eminem,https://www.youtube.com/watch?v=YVkUvmDQ3HY
,131,NTHz9ephYTw,"Kar Gayi Chull - Kapoor & Sons | Sidharth Malhotra, Alia Bhatt | Badshah | Amaal Mallik | Fazilpuria",Kar Gayi Chull,https://www.youtube.com/watch?v=NTHz9ephYTw
,132,wDIrpvH8MzE,"Desi Girl Full Video - Dostana |John, Abhishek, Priyanka | Sunidhi Chauhan, Vishal Dadlani",,https://www.youtube.com/watch?v=wDIrpvH8MzE
,133,XLJCtZK0x5M,Beedi Jalaile - Full Video Song | Omkara | Bipasha Basu | Sukhwinder Singh | Vishal Bhardwaj,Beedi Jalaile,https://www.youtube.com/watch?v=XLJCtZK0x5M
,134,ML7WnU-AuUY,Ding Dang - Full Video Song | Munna Michael | Tiger Shroff & Nidhhi Agerwal | Javed - Mohsin,Ding Dang,https://www.youtube.com/watch?v=ML7WnU-AuUY
,135,iUPe_e65nto,Main Nagin Dance - Full Audio Song | Bajatey Raho | Maryam Zakaria & Scarlett Wilson,Main Nagin Dance,https://www.youtube.com/watch?v=iUPe_e65nto
,136,bpOJmRlgg-4,Gandi Baat - 8K/4K Music Video | Shahid Kapoor | Sonakshi Sinha | Pritam | R...Rajkumar,Gandi Baat,https://www.youtube.com/watch?v=bpOJmRlgg-4
,137,C8kSrkz8Hz8,"Kamli Song | Dhoom:3 | Katrina Kaif,  Aamir Khan | Sunidhi Chauhan | Pritam | Amitabh Bhattacharya",,https://www.youtube.com/watch?v=C8kSrkz8Hz8
,138,mXkbWKr5ovU,Tumse Milke Dilka Jo Haal [Full Song] | Main Hoon Na | Shahrukh Khan,,https://www.youtube.com/watch?v=mXkbWKr5ovU
,139,tD3Qxv3r_tQ,Sajan Sajan Teri Dulhan | Rishi Rich (Remix.in),Sajan Sajan Teri Dulhan,https://www.youtube.com/watch?v=tD3Qxv3r_tQ
,140,UdsO4SM4wKI,"Mere Mehboob | Vicky Vidya Ka Woh Wala Video | Rajkummar | Triptii Dimri |Sachin-Jigar,Shilpa,Sachet",Mere Mehboob,https://www.youtube.com/watch?v=UdsO4SM4wKI
,141,w5VFOKKAbQQ,Pink Lips Full Video Song | Sunny Leone | Hate Story 2 | Meet Bros Anjjan Feat Khushboo Grewal,,https://www.youtube.com/watch?v=w5VFOKKAbQQ
,142,sONw3dihCRs,"""Anarkali Disco Chali Full Song"" | Housefull 2 | Malaika Arora Khan",,https://www.youtube.com/watch?v=sONw3dihCRs
,143,gcVbtUGLDNk,"""Aapka Kya Hoga Janabe Ali"" (Dhanno) Housefull Full Song | Akshay Kumar | Mika | Shankar-Ehsaan-Loy",,https://www.youtube.com/watch?v=gcVbtUGLDNk
,144,zE7Pwgl6sLA,Fevicol Se Full Video Song Dabangg 2 (Official) ★ Kareena Kapoor ★ Salman Khan,,https://www.youtube.com/watch?v=zE7Pwgl6sLA
,145,ZTmF2v59CtI,"""Sheila Ki Jawani"" Full Song | Tees Maar Khan | Katrina Kaif | Vishal Dadlani, Sunidhi Chauhan",,https://www.youtube.com/watch?v=ZTmF2v59CtI
,146,LyLVqJ_UgTY,"Ghagra - Yeh Jawaani Hai Deewani | Madhuri Dixit, Ranbir Kapoor, Deepika Padukone",Ghagra,https://www.youtube.com/watch?v=LyLVqJ_UgTY
,147,cLTXQxiQPgE,Full Video: Ek Do Teen Film Version | Baaghi 2 | Jacqueline F |Tiger S | Disha P| Ahmed K | Sajid N,,https://www.youtube.com/watch?v=cLTXQxiQPgE
,148,iMmKHLFZn10,Devil-Yaar Naa Miley FULL VIDEO SONG | Salman Khan | Yo Yo Honey Singh | Kick,,https://www.youtube.com/watch?v=iMmKHLFZn10
,149,_YqzZWXkoq0,"Party On My Mind | Race 2 | Saif Ali, John, Deeepika, Jacqueline & Amisha | Pritam | Honey Singh",Party On My Mind,https://www.youtube.com/watch?v=_YqzZWXkoq0
,150,cHHLHGNpCSA,Avicii - Waiting For Love,Avicii,https://www.youtube.com/watch?v=cHHLHGNpCSA
,151,IcrbM1l_BoI,Avicii - Wake Me Up (Official Video),Avicii,https://www.youtube.com/watch?v=IcrbM1l_BoI
,152,EkxOXF9J77w,"Saree Ke Fall Sa - Full Video | Shahid, Sonakshi | Antara Mitra, Nakash Aziz | R...Rajkumar | Pritam",Saree Ke Fall Sa,https://www.youtube.com/watch?v=EkxOXF9J77w
,153,W9mrvDWUR9g,"One Two Three Four Chennai Express Full Video Song | Shahrukh Khan, Deepika Padukone",,https://www.youtube.com/watch?v=W9mrvDWUR9g
,154,UuQjAqO-WUM,Daaru Peeke Dance Lyrical Video | Neha Kakkar | Kuch Kuch Locha Hai | Sunny Leone  | Amjad Nadeem,,https://www.youtube.com/watch?v=UuQjAqO-WUM
,155,gNN7hyUi0To,Lift Teri Bandh Hai Full Song | Judwaa 2 | Varun | Jacqueline | Taapsee | David Dhawan | Anu Malik,,https://www.youtube.com/watch?v=gNN7hyUi0To
,156,FQS7i2z1CoA,Main Tera Boyfriend Song | Raabta | Arijit S | Neha K Meet Bros | Sushant Singh Rajput Kriti Sanon,,https://www.youtube.com/watch?v=FQS7i2z1CoA
,157,k4yXQkG2s1E,"𝐊𝐚𝐥𝐚 𝐂𝐡𝐚𝐬𝐡𝐦𝐚 🕶️ | Baar Baar Dekho | Sidharth M & Katrina Kaif | Badshah, Neha Kakkar, Prem & Hardeep",𝐊𝐚𝐥𝐚 𝐂𝐡𝐚𝐬𝐡𝐦𝐚 🕶️,https://www.youtube.com/watch?v=k4yXQkG2s1E
,158,LWna8JKjfiQ,Aaj Phir Full Video Song | Hate Story 2 | Arijit Singh | Jay Bhanushali | Surveen Chawla,,https://www.youtube.com/watch?v=LWna8JKjfiQ
,159,yP9KiFTyBks,Baby Doll Full Video Song Ragini MMS 2 | Sunny Leone | Meet Bros Anjjan Feat. Kanika Kapoor,,https://www.youtube.com/watch?v=yP9KiFTyBks
,160,PzcSrkMKDdk,Halkat Jawani - 8K/4K Music Video | Kareena Kapoor | Sunidhi Chauhan | Salim - Sulaiman | Heroine,Halkat Jawani,https://www.youtube.com/watch?v=PzcSrkMKDdk
,161,Jn5hsfbhWx4,Munni Badnaam Hui Full Song | Feat. Malaika Arora | Dabangg | Salman Khan,,https://www.youtube.com/watch?v=Jn5hsfbhWx4
,162,2I3NgxDAiqE,"Tune Maari Entriyaan | Full Song | Gunday | Priyanka Chopra, Ranveer Singh, Arjun Kapoor, Sohail Sen",Tune Maari Entriyaan,https://www.youtube.com/watch?v=2I3NgxDAiqE
,163,Umqb9KENgmk,"""Tum Hi Ho"" Aashiqui 2 Full Song With Lyrics | Aditya Roy Kapur, Shraddha Kapoor",,https://www.youtube.com/watch?v=Umqb9KENgmk
,164,b-COwruFUyY,"Pinky Full Song | Zanjeer | Priyanka Chopra, Ram Charan",,https://www.youtube.com/watch?v=b-COwruFUyY
,165,BYe5R5iAIa0,Mera Naam Mary Lyric Video| Kareena Kapoor Khan| Sidharth Malhotra,,https://www.youtube.com/watch?v=BYe5R5iAIa0
,166,BGU3FkUGH0M,"Asalaam-e-Ishqum Song | Gunday | Ranveer Singh, Arjun Kapoor, Priyanka | Neha Bhasin, Bappi Lahiri",,https://www.youtube.com/watch?v=BGU3FkUGH0M
,167,qFkNATtc3mc,"Ghungroo Song | WAR | Hrithik Roshan, Vaani Kapoor | Arijit Singh, Shilpa | Vishal & Shekhar, Kumaar",,https://www.youtube.com/watch?v=qFkNATtc3mc
,168,PIyf0hMc498,Sau Tarah Ke Full Video Song | Dishoom | John Abraham | Varun Dhawan | Jacqueline Fernandez| Pritam,,https://www.youtube.com/watch?v=PIyf0hMc498
,169,1CgdP4cjeMw,"Khwab Dekhe Jhoote Moote - 8K | Race | Saif Ali Khan, Katrina Kaif | Monali Thakur, Neeraj | Pritam",Khwab Dekhe Jhoote Moote,https://www.youtube.com/watch?v=1CgdP4cjeMw
,170,GQrXnwReL6o,Bin Tere Sanam Remix II Dj Bass Beat II Bollywood Dj Remix 2026,,https://www.youtube.com/watch?v=GQrXnwReL6o
,171,yIIGQB6EMAM,Bom Diggy Diggy  (VIDEO) | Zack Knight | Jasmin Walia | Sonu Ke Titu Ki Sweety,,https://www.youtube.com/watch?v=yIIGQB6EMAM
,172,9_BUZaTcozs,"Mashallah Song | Ek Tha Tiger | Salman Khan, Katrina Kaif, Shreya Ghoshal, Sajid-Wajid, Kausar Munir",,https://www.youtube.com/watch?v=9_BUZaTcozs
,173,8JMMjCyyznI,Ghost - Mary On A Cross,Ghost,https://www.youtube.com/watch?v=8JMMjCyyznI
,174,vrqFJ-yjkRw,"Bulleya - Lyrical Video | Ae Dil Hai Mushkil | Amit Mishra, Shilpa Rao | Pritam",Bulleya,https://www.youtube.com/watch?v=vrqFJ-yjkRw
,175,284Ov7ysmfA,"Channa Mereya Full Video - ADHM | Ranbir Kapoor, Anushka | Arijit Singh | Pritam | Karan Johar",,https://www.youtube.com/watch?v=284Ov7ysmfA
,176,UtF6Jej8yb4,Avicii - The Nights,Avicii,https://www.youtube.com/watch?v=UtF6Jej8yb4
,177,kCQ6zaHDXj4,"Lyrical: Khwab Dekhe (Sexy Lady) - Race | Saif Ali Khan, Katrina Kaif |Monali Thakur, Neeraj| Pritam",,https://www.youtube.com/watch?v=kCQ6zaHDXj4
,178,bh2O4oyB1UM,"Bachna Ae Haseeno Title Song | Ranbir, Deepika, Bipasha, Minissha |Kishore Kumar, Vishal and Shekhar",,https://www.youtube.com/watch?v=bh2O4oyB1UM
,179,II2EO3Nw4m0,"Badtameez Dil Full Song HD Yeh Jawaani Hai Deewani | PRITAM | Ranbir Kapoor, Deepika Padukone",,https://www.youtube.com/watch?v=II2EO3Nw4m0
,180,1cDoRqPnCXU,"Dilliwali Girlfriend Full Song Yeh Jawaani Hai Deewani | Ranbir Kapoor, Deepika Padukone | Pritam",,https://www.youtube.com/watch?v=1cDoRqPnCXU
,181,-bNwqXvMuB8,"Mehndi Laga Ke Rakhna Song | Dilwale Dulhania Le Jayenge | Shah Rukh Khan, Kajol | Lata, Udit | DDLJ",,https://www.youtube.com/watch?v=-bNwqXvMuB8
,182,cNV5hLSa9H8,"Tujhe Dekha Toh Song | Dilwale Dulhania Le Jayenge | Shah Rukh Khan, Kajol | Lata, Kumar Sanu | DDLJ",,https://www.youtube.com/watch?v=cNV5hLSa9H8
,183,hw_HpTI_Wkw,"Ho Gaya Hai Tujhko | Full Song | Dilwale Dulhania Le Jayenge, Shah Rukh Khan, Kajol, Lata Mangeshkar",Ho Gaya Hai Tujhko,https://www.youtube.com/watch?v=hw_HpTI_Wkw
,184,96YVQBjrtWE,"Zara Sa Jhoom Loon Main | Full Song | Dilwale Dulhania Le Jayenge | Shah Rukh Khan, Kajol | DDLJ",,https://www.youtube.com/watch?v=96YVQBjrtWE
,185,s1LozokQjIg,"Mere Khwabon Mein | Full Song | Dilwale Dulhania Le Jayenge | Shah Rukh Khan, Kajol | Lata | DDLJ",Mere Khwabon Mein,https://www.youtube.com/watch?v=s1LozokQjIg
,186,PUO7_Gi6ipg,"बाज़ीगर मैं बाज़ीगर, दिलवालों का मैं दिलबर | Baazigar O Baazigar - 4K | Shahrukh & Kajol | Baazigar",,https://www.youtube.com/watch?v=PUO7_Gi6ipg
,187,qrCKwbXCf20,Woh Ladki Jo -HD VIDEO | Shahrukh Khan & Twinkle Khanna | Baadshah,,https://www.youtube.com/watch?v=qrCKwbXCf20
,188,1BVgpX4w0Wk,Gali Gali Full Video Song | KGF | Neha Kakkar | Mouni Roy | Tanishk Bagchi | Rashmi Virag |T-SERIES,,https://www.youtube.com/watch?v=1BVgpX4w0Wk
,189,_uUdJalMaF8,"Full Song: O SAKI SAKI | Batla House | Nora Fatehi, Tanishk B,Neha K,Tulsi K, B Praak,Vishal-Shekhar",,https://www.youtube.com/watch?v=_uUdJalMaF8
,190,EY8oryof0bU,Aa Re Pritam Pyaare - Lyrical Video | Rowdy Rathore | Akshay Kumar | Mamta Sharma | Sajid Wajid,Aa Re Pritam Pyaare,https://www.youtube.com/watch?v=EY8oryof0bU
,191,Q7kv9nuhTB8,Le Le Maza Le Full Video Song | Salman Khan | Wanted | Ayesha Takia | Sajid -Wajid,,https://www.youtube.com/watch?v=Q7kv9nuhTB8
,192,lyWHtKq1PcQ,"""Make Some Noise For Desi Boyz"" Title Song | Desi Boyz | Akshay Kumar, John Abraham Kumaar",,https://www.youtube.com/watch?v=lyWHtKq1PcQ
,193,sm2hNJ9c8M8,"""Allah Maaf Kare Full Song Desi Boyz"" Feat. Akshay Kumar, Chitrangada Singh",,https://www.youtube.com/watch?v=sm2hNJ9c8M8
,194,udgrClXV26Y,"Dil Ka Jo Haal Hai (Lyrical) | Besharam | Ranbir Kapoor | Abhijeet Bhattacharya, Shreya Ghoshal",,https://www.youtube.com/watch?v=udgrClXV26Y
,195,1Na8nKEUjYI,"Vishal & Shekhar, Shahid Mallya, Nisha Mascarenhas, Marianne D'cruz Aiman - Kukkad",,https://www.youtube.com/watch?v=1Na8nKEUjYI
,196,IFYJNLZT_B0,"Besharmi Ki Height | Full Video Song | Main Tera Hero | Varun Dhawan, Ileana D'Cruz, Nargis Fakhri",Besharmi Ki Height,https://www.youtube.com/watch?v=IFYJNLZT_B0
,197,q8gilwzNQEA,"""Mere Rashke Qamar"" Song With Lyrics | Baadshaho | Ajay Devgn, Ileana, Nusrat & Rahat Fateh Ali Khan",,https://www.youtube.com/watch?v=q8gilwzNQEA
,198,ZtJlhxx_LAc,"Breathless | Hai Junoon! | Neil Nitin Mukesh,Siddharth,Aryan,Yukti,Saachi,Akshat,Pragati N,Nikon M",Breathless,https://www.youtube.com/watch?v=ZtJlhxx_LAc
,199,SxoTAvwCr4A,"Malang Song | DHOOM:3 | Aamir Khan, Katrina Kaif | Siddharth Mahadevan, Shilpa Rao, Pritam, Sameer",,https://www.youtube.com/watch?v=SxoTAvwCr4A
,200,KBIq11mNB0I,"Full Video: Malang (Title Track)| Aditya Roy Kapur, Disha Patani, Anil K, Kunal K | Ved S | Mohit S",,https://www.youtube.com/watch?v=KBIq11mNB0I
,201,D8LZf22MY9U,"Lat Lag Gayee | Race 2 | Saif Ali Khan, Jacqueline | Benny Dayal, Shalmali | Pritam | Party Song",Lat Lag Gayee,https://www.youtube.com/watch?v=D8LZf22MY9U
,202,eGLSPyGszjo,"Will Smith - Prince Ali (From ""Aladdin"")",Will Smith,https://www.youtube.com/watch?v=eGLSPyGszjo
,203,rV1ZJ1wRgUg,Will Smith - Arabian Nights (Lyrics),Will Smith,https://www.youtube.com/watch?v=rV1ZJ1wRgUg
,204,juZN67BA_5w,"Dance Basanti - Official Song - Ungli - Emraan Hashmi, Shraddha Kapoor",Dance Basanti,https://www.youtube.com/watch?v=juZN67BA_5w
,205,aNwWdF8qq-M,Official Video: Raat Kamaal Hai | Guru Randhawa & Khushali Kumar | Tulsi Kumar | New Song 2018,,https://www.youtube.com/watch?v=aNwWdF8qq-M
,206,rxMmistOjCA,"Nachange Saari Raat Full Video Song | JUNOONIYAT | Pulkit Samrat,Yami Gautam| T-Series",,https://www.youtube.com/watch?v=rxMmistOjCA
,207,kd5KqlmcHNo,"The Breakup Song - Full Video | Ranbir, Anushka | Arijit, Badshah, Jonita, Nakash | Pritam | ADHM",,https://www.youtube.com/watch?v=kd5KqlmcHNo
,208,e_vl5aFXB4Q,"Full Video: Akh Lad Jaave | Loveyatri | Aayush S|Warina H |Badshah, Tanishk Bagchi,Jubin N, ,Asees K",,https://www.youtube.com/watch?v=e_vl5aFXB4Q
,209,UHwoqNHveDY,"Patli Kamariya | Mouni Roy, Tanishk Bagchi, Sukh E, Parampara Tandon| Arvindr Khaira | Bhushan Kumar",Patli Kamariya,https://www.youtube.com/watch?v=UHwoqNHveDY
,210,1pcqsrT7KCc,Ore Ore Raja::( veeron ke veer aa)| Bahubali 2 The Conclusion| Anushka shetty & Prabhas,,https://www.youtube.com/watch?v=1pcqsrT7KCc
,211,k-atPa3QUis,Jiyo Re Baahubali | Baahubali 2 The Conclusion | Prabhas & Anushka Shetty | M.M.Kreem Manoj Daler,Jiyo Re Baahubali,https://www.youtube.com/watch?v=k-atPa3QUis
,212,hxMNYkLN7tI,"Aaj Ki Raat - Full Song | Stree 2| Tamannaah Bhatia, Rajkummar Rao, Sachin-Jigar, Madhubanti,Divya K",Aaj Ki Raat,https://www.youtube.com/watch?v=hxMNYkLN7tI
,213,pkLGczIXR1A,"Dilbar Ki Aankhon Ka | Thamma | Nora F, Ayushmann K, Rashmika M |Sachin-Jigar, Rashmeet K, Amitabh B",Dilbar Ki Aankhon Ka,https://www.youtube.com/watch?v=pkLGczIXR1A
,214,UKA31XLzsNA,"Thumkeshwari - Bhediya | Varun Dhawan, Kriti S, Shraddha K | Sachin-Jigar,Rashmeet, Ash K, Amitabh B",Thumkeshwari,https://www.youtube.com/watch?v=UKA31XLzsNA
,215,1xYZeDReUz4,"Milegi Milegi Video Song |  STREE | Mika Singh | Sachin-Jigar | Rajkummar Rao, Shraddha Kapoor",,https://www.youtube.com/watch?v=1xYZeDReUz4
,216,kfXy4W0aD40,"Taras | Munjya | Sharvari & Abhay Verma | Sachin-Jigar, Jasmine Sandlas | Amitabh Bhattacharya",Taras,https://www.youtube.com/watch?v=kfXy4W0aD40
,217,9LtJYw1eY30,"Full Video: Kamariya | STREE | Nora Fatehi | Rajkummar Rao | Aastha Gill, Divya Kumar |Sachin- Jigar",,https://www.youtube.com/watch?v=9LtJYw1eY30
,218,QqlQQ98BNrA,KICK: Devil - Yaar Naa Miley 8K Full Video Song | Salman Khan | Yo Yo Honey Singh | Jasmine Sandlas,KICK: Devil,https://www.youtube.com/watch?v=QqlQQ98BNrA
,219,_jFIHVKeVec,"Babli Badmaash Full Video - Shootout At Wadala|Priyanka, John Abraham|Sunidhi Chauhan",,https://www.youtube.com/watch?v=_jFIHVKeVec
,220,oAVhUAaVCVQ,Lyrical: Chammak Challo | Ra One | ShahRukh Khan | Kareena Kapoor,,https://www.youtube.com/watch?v=oAVhUAaVCVQ
,221,95I5VaR7GeU,Laila Main Laila | Raees | Shah Rukh Khan | Sunny Leone | Pawni Pandey | Ram Sampath,Laila Main Laila,https://www.youtube.com/watch?v=95I5VaR7GeU
,222,QcQpqWhTBCE,"Chikni Chameli - 8K/4k Music Video | Katrina Kaif, Hrithik | Agneepath | Shreya Ghoshal | Ajay-Atul",Chikni Chameli,https://www.youtube.com/watch?v=QcQpqWhTBCE
,223,FDzYegv8JHE,I Hate Luv Storys Title Track Full Video - Sonam Kapoor|Imran Khan|Vishal Dadlani|Kumaar,,https://www.youtube.com/watch?v=FDzYegv8JHE
,224,ruEQPQX90fI,Character Dheela (Full Song) | Ready I Salman Khan I Zarine Khan | Pritam | Neeraj Shridhar,,https://www.youtube.com/watch?v=ruEQPQX90fI
,225,kclXuc_J50Y,Manma Emotion Jaage - Dilwale | Varun Dhawan | Kriti Sanon | Party Anthem of 2016,Manma Emotion Jaage,https://www.youtube.com/watch?v=kclXuc_J50Y
,226,VMpgb8WjoBc,"Johnny Johnny with Lyrics - Entertainment | Akshay Kumar, Tamannaah, Sachin Jigar",,https://www.youtube.com/watch?v=VMpgb8WjoBc
,227,Wd7H311MrWA,"Party All Night Feat. Honey Singh (Full Video) Boss | Akshay Kumar, Sonakshi Sinha",,https://www.youtube.com/watch?v=Wd7H311MrWA
,228,Sjh1PQ9B73Y,Agent Vinod Pyar Ki Pungi Full Video Song (HD) | Saif Ali Khan | Pritam,,https://www.youtube.com/watch?v=Sjh1PQ9B73Y
,229,sB-S5LBU1eA,Aadat Se Majboor - Full Song | Ladies vs Ricky Bahl | Ranveer Singh | Anushka Sharma | Benny Dayal,Aadat Se Majboor,https://www.youtube.com/watch?v=sB-S5LBU1eA
,230,Gg6NMU4ivXM,"Kya Mujhe Pyar Lyrical Video Song | Woh Lamhe | Pritam | K.K. | Shiny Ahuja, Kangna Ranaut",,https://www.youtube.com/watch?v=Gg6NMU4ivXM
,231,ilNt2bikxDI,Anuv Jain - JO TUM MERE HO (Official Video),Anuv Jain,https://www.youtube.com/watch?v=ilNt2bikxDI
,232,sK7riqg2mr4,"Agar Tum Saath Ho FULL AUDIO Song | Tamasha | Ranbir Kapoor, Deepika Padukone | T-Series",,https://www.youtube.com/watch?v=sK7riqg2mr4
,233,w9Qo6p4XsXE,"Ye Tune Kya Kiya Song Once Upon A Time In Mumbaai Dobara | Pritam | Akshay Kumar, Sonakshi Sinha",,https://www.youtube.com/watch?v=w9Qo6p4XsXE
,234,dHDkRGoMv5U,Kushagra - Finding Her (Lyrics),Kushagra,https://www.youtube.com/watch?v=dHDkRGoMv5U
,235,0v5eHPfy5Lk,"Barbaad Song | Saiyaara | Ahaan Panday, Aneet Padda | The Rish | Jubin Nautiyal",,https://www.youtube.com/watch?v=0v5eHPfy5Lk
,236,7jMzMXpSOjs,"Mashooqa (Video) Shahid, Kriti, Rashmika | Pritam, Mahmood, Amitabh B, Raghav C, Ruaa K | Cocktail 2",,https://www.youtube.com/watch?v=7jMzMXpSOjs
,237,zuvla6ABKbs,"'Tu Chahiye' FULL VIDEO Song - Atif Aslam Pritam | Bajrangi Bhaijaan | Salman Khan, Kareena Kapoor",,https://www.youtube.com/watch?v=zuvla6ABKbs
,238,SAcpESN_Fk4,"Dil Diyan Gallan Song | Tiger Zinda Hai | Salman Khan, Katrina Kaif | Atif Aslam | Vishal & Shekhar",,https://www.youtube.com/watch?v=SAcpESN_Fk4
,239,jFmi69lb8sQ,Hona Tha Pyar Full Video - Bol | Atif Aslam & Mahira Khan | Atif Aslam & Hadiqa Kiani,,https://www.youtube.com/watch?v=jFmi69lb8sQ
,240,pHu4PLhuKgQ,"Isq Risk | Full Song | Mere Brother Ki Dulhan | Katrina Kaif, Imran Khan | Rahat Fateh Ali Khan",Isq Risk,https://www.youtube.com/watch?v=pHu4PLhuKgQ
,241,mt9xg0mmt28,"Full Video: Tum Se Hi | Jab We Met | Kareena Kapoor, Shahid Kapoor | Pritam | Mohit Chauhan",,https://www.youtube.com/watch?v=mt9xg0mmt28
,242,DGVJtAHzzDQ,"Hua Hain Aaj Pehli Baar FULL VIDEO | SANAM RE | Pulkit Samrat, Urvashi Rautela | Divya Khosla Kumar",,https://www.youtube.com/watch?v=DGVJtAHzzDQ
,243,ar5hpVZmGfw,"Arijit Singh, Palak Muchhal - Teri Meri Kahaani (Lyrics)","Arijit Singh, Palak Muchhal",https://www.youtube.com/watch?v=ar5hpVZmGfw
,244,5gwy0gcjIkI,Tere Sang Yaara - Rustom | Akshay Kumar & Ileana D'cruz | Arko | Manoj Muntashir,Tere Sang Yaara,https://www.youtube.com/watch?v=5gwy0gcjIkI
,245,o1RducJbUdc,"Tumhi Ho Bandhu - Full Video Song | Cocktail | Saif Ai Khan, Deepika Padukone & Diana Penty | Pritam",Tumhi Ho Bandhu,https://www.youtube.com/watch?v=o1RducJbUdc
,246,0RxUcKE13ZI,"Bandhu 2.0 | Shahid, Kriti, Rashmika| Pritam | Kavita | Neeraj | Irshad K | Cocktail 2 | 19th June",Bandhu 2.0,https://www.youtube.com/watch?v=0RxUcKE13ZI
,247,OulN7vTDq1I,Badshah - DJ Waley Babu | feat Aastha Gill | Party Anthem | DJ Wale Babu,Badshah,https://www.youtube.com/watch?v=OulN7vTDq1I
,248,AlvUuGJccKs,"Tere Liye - Lyrical - Prince | Vivek Oberoi | Atif Aslam, Shreya Ghoshal | Sachin Gupta |Dance Songs",Tere Liye,https://www.youtube.com/watch?v=AlvUuGJccKs
,249,0GVExpdmoDs,Maroon 5 - Animals (Lyrics),Maroon 5,https://www.youtube.com/watch?v=0GVExpdmoDs
,250,UGwa2tw7Vws,The Platters - Twilight Time - Lyrics,The Platters,https://www.youtube.com/watch?v=UGwa2tw7Vws
,251,bWcASV2sey0,Bonnie Tyler - Holding Out For A Hero (Official HD Video),Bonnie Tyler,https://www.youtube.com/watch?v=bWcASV2sey0
,252,Eo-KmOd3i7s,*NSYNC - Bye Bye Bye (Official Video),*NSYNC,https://www.youtube.com/watch?v=Eo-KmOd3i7s
,253,fcnDmrtj6Sk,"Shakira, Burna Boy - Dai Dai (Official Video)","Shakira, Burna Boy",https://www.youtube.com/watch?v=fcnDmrtj6Sk
,254,3JWTaaS7LdU,Whitney Houston - I Will Always Love You (Official 4K Video),Whitney Houston,https://www.youtube.com/watch?v=3JWTaaS7LdU
,255,N4wK3NtVRT0,"Pardesiya - Param Sundari | Sidharth M, Janhvi K | Sachin-Jigar, Sonu Nigam, Krishnakali, Amitabh B",Pardesiya,https://www.youtube.com/watch?v=N4wK3NtVRT0
,256,5GCfYLguTIs,BOYFRIEND(MUSIC VIDEO) KARAN AUJLA| SUNANDA | IKKY | Latest Punjabi Songs 2025,,https://www.youtube.com/watch?v=5GCfYLguTIs
,257,WcIcVapfqXw,"Rema, Selena Gomez - Calm Down (Official Music Video)","Rema, Selena Gomez",https://www.youtube.com/watch?v=WcIcVapfqXw
,258,daFPRysCU3E,Chhote Chhote Peg (LYRICAL) | Yo Yo Honey Singh | Neha Kakkar | Navraj Hans | Sonu Ke Titu Ki Sweety,,https://www.youtube.com/watch?v=daFPRysCU3E
,259,rzJV_VEl-0k,SEVDALIZA FT. PABLLO VITTAR & YSEULT - ALIBI (Letra/Lyrics),,https://www.youtube.com/watch?v=rzJV_VEl-0k
,260,W2MpGCL8-9o,Måneskin - Beggin' (Lyrics/Testo),Måneskin,https://www.youtube.com/watch?v=W2MpGCL8-9o
,261,1TO48Cnl66w,Dido - Thank You (Official Video),Dido,https://www.youtube.com/watch?v=1TO48Cnl66w
,262,bc0KhhjJP98,Redbone - Come and Get Your Love (Single Edit - Audio),Redbone,https://www.youtube.com/watch?v=bc0KhhjJP98
,263,eVli-tstM5E,Sabrina Carpenter - Espresso,Sabrina Carpenter,https://www.youtube.com/watch?v=eVli-tstM5E
,264,5RXnLaKCRqQ,Kid CuDi Day N Nite,,https://www.youtube.com/watch?v=5RXnLaKCRqQ
,265,RBumgq5yVrA,Passenger | Let Her Go (Official Video),Passenger,https://www.youtube.com/watch?v=RBumgq5yVrA
,266,syFZfO_wfMQ,One Direction - Night Changes,One Direction,https://www.youtube.com/watch?v=syFZfO_wfMQ
,267,PZZRr04Q7zM,Ed Sheeran - Sapphire (Lyrics) ft. Arijit Singh,Ed Sheeran,https://www.youtube.com/watch?v=PZZRr04Q7zM
,268,TuzaQdlGfKs,Ben 10 Hindi Opening Song with Lyrics (please turn on subtitles),,https://www.youtube.com/watch?v=TuzaQdlGfKs
,269,TyHvyGVs42U,"Luis Fonsi, Demi Lovato - Échame La Culpa","Luis Fonsi, Demi Lovato",https://www.youtube.com/watch?v=TyHvyGVs42U
,270,PT2_F-1esPk,The Chainsmokers - Closer (Lyric) ft. Halsey,The Chainsmokers,https://www.youtube.com/watch?v=PT2_F-1esPk
,271,09R8_2nJtjg,Maroon 5 - Sugar (Official Music Video),Maroon 5,https://www.youtube.com/watch?v=09R8_2nJtjg
,272,aJOTlE1K90k,Maroon 5 - Girls Like You ft. Cardi B (Official Music Video),Maroon 5,https://www.youtube.com/watch?v=aJOTlE1K90k
,273,50VNCymT-Cs,Alec Benjamin - Let Me Down Slowly [Official Music Video],Alec Benjamin,https://www.youtube.com/watch?v=50VNCymT-Cs
,274,LHCob76kigA,Lukas Graham - 7 Years [Official Music Video],Lukas Graham,https://www.youtube.com/watch?v=LHCob76kigA
,275,pRpeEdMmmQ0,Shakira - Waka Waka (This Time for Africa) (The Official 2010 FIFA World Cup™ Song),Shakira,https://www.youtube.com/watch?v=pRpeEdMmmQ0
,276,DUT5rEU6pqM,Shakira - Hips Don't Lie (featuring Wyclef Jean) (Official 4K Video) ft. Wyclef Jean,Shakira,https://www.youtube.com/watch?v=DUT5rEU6pqM
,277,i1BqRYMFS08,Appadi Podu - Video Song | Ghilli | Thalapathy Vijay | Trisha | Vidyasagar | Sun Music,Appadi Podu,https://www.youtube.com/watch?v=i1BqRYMFS08
,278,ZdMZ40GSVmc,Leo - Badass Video | Thalapathy Vijay | Anirudh Ravichander,Leo,https://www.youtube.com/watch?v=ZdMZ40GSVmc
,279,xV1-V1E5ZlQ,"Jaiye Sajana (Lyrical): Dhurandhar The Revenge | Ranveer Singh Shashwat Sachdev,Jasmine S,Satinder S",,https://www.youtube.com/watch?v=xV1-V1E5ZlQ
,280,aRNfSqsgrgE,Sheesha (Official Music Video) | Mitta Ror ft. Swara Verma | Sorab Bedi | Niharika Tiwari,,https://www.youtube.com/watch?v=aRNfSqsgrgE
,281,5mvCVJIZWtA,RADWIMPS - Suzume (Lyrics) ft. Toaka,RADWIMPS,https://www.youtube.com/watch?v=5mvCVJIZWtA
,282,B9synWjqBn8,Travis Scott - FE!N ft. Playboi Carti,Travis Scott,https://www.youtube.com/watch?v=B9synWjqBn8
,283,16jA-6hiSUo,"The Weeknd, Playboi Carti - Timeless (Official Lyric Video)","The Weeknd, Playboi Carti",https://www.youtube.com/watch?v=16jA-6hiSUo
,284,UvhkjVBBKiU,"Tame Impala, JENNIE - Dracula (JENNIE Remix) (Lyrics)","Tame Impala, JENNIE",https://www.youtube.com/watch?v=UvhkjVBBKiU
,285,uS5RVxBwqpk,"Aari Aari (Audio): Dhurandhar The Revenge Shashwat S,Bombay R,Khan,Jasmine,Sudhir,Irshad,Reble,Token",,https://www.youtube.com/watch?v=uS5RVxBwqpk
,286,qlnvYYaRdrU,𝘈 𝘉𝘩𝘰𝘫𝘱𝘶𝘳𝘪 𝘱𝘭𝘢𝘺𝘭𝘪𝘴𝘵 𝘵𝘩𝘢𝘵 𝘸𝘪𝘭𝘭 𝘮𝘢𝘬𝘦 𝘺𝘰𝘶𝘳 𝘩𝘦𝘢𝘳𝘵 𝘨𝘳𝘰𝘰𝘷𝘦 (+ 𝘵𝘪𝘮𝘦𝘴𝘵𝘢𝘮𝘱𝘴) 💃🔥✨,,https://www.youtube.com/watch?v=qlnvYYaRdrU
,287,T9GmO_WFhjQ,"Will Smith - Arabian Nights (2019) (From ""Aladdin""/Audio Only)",Will Smith,https://www.youtube.com/watch?v=T9GmO_WFhjQ
,288,V3cN7MX2qnI,FA9LA,,https://www.youtube.com/watch?v=V3cN7MX2qnI
,289,sQEgklEwhSo,Katy Perry - Harleys In Hawaii (Official),Katy Perry,https://www.youtube.com/watch?v=sQEgklEwhSo
,290,HnQcWS0lWvg,Private video,,https://www.youtube.com/watch?v=HnQcWS0lWvg
,291,dHsV56I1GwE,Dope Shope (Full Song ) | Yo Yo Honey Singh | Deep Money | | Latest Punjabi Song 2023,,https://www.youtube.com/watch?v=dHsV56I1GwE
,292,7TRFf7uUfhQ,"Swag Se Swagat | Full Song | Tiger Zinda Hai, Salman Khan, Katrina Kaif, Vishal Dadlani, Neha Bhasin",Swag Se Swagat,https://www.youtube.com/watch?v=7TRFf7uUfhQ
,293,VAdGW7QDJiU,"JAWAN: Chaleya (Hindi) | Shah Rukh Khan | Nayanthara | Atlee | Anirudh | Arijit S, Shilpa R | Kumaar",JAWAN: Chaleya (Hindi),https://www.youtube.com/watch?v=VAdGW7QDJiU
,294,YxWlaYCA8MU,"Jhoome Jo Pathaan Song | Shah Rukh Khan, Deepika | Vishal & Sheykhar, Arijit Singh, Sukriti, Kumaar",,https://www.youtube.com/watch?v=YxWlaYCA8MU
,295,WWXm39leYew,"LYRICAL: Kaise Hua | Kabir Singh | Shahid K, Kiara A, Sandeep V | Vishal Mishra, Manoj Muntashir",,https://www.youtube.com/watch?v=WWXm39leYew
,296,VOLKJJvfAbg,"Bekhayali Full Song | Kabir Singh | Shahid K,Kiara A|Sandeep Reddy Vanga | Sachet-Parampara | Irshad",,https://www.youtube.com/watch?v=VOLKJJvfAbg
,297,iAIBF2ngbWY,"ANIMAL:Pehle Bhi Main(Full Video) | Ranbir Kapoor,Tripti Dimri |Sandeep V |Vishal M,Raj S |Bhushan K",,https://www.youtube.com/watch?v=iAIBF2ngbWY
,298,GX9x62kFsVU,"Gehra Hua | Dhurandhar | Ranveer Singh, Sara Arjun, Shashwat Sachdev, Arijit Singh, Irshad Kamil",Gehra Hua,https://www.youtube.com/watch?v=GX9x62kFsVU
,299,hosbQVvlais,"Run Down The City - Monica | Dhurandhar | Ranveer, Sara, Shashwat, Reble, Asha Bhosle, R.D. Burman",Run Down The City,https://www.youtube.com/watch?v=hosbQVvlais
,300,1a5nyrMtRsk,"Dhurandhar - Title Track | Ranveer Singh, Shashwat Sachdev, Hanumankind, Jasmine Sandlas,Aditya Dhar",Dhurandhar,https://www.youtube.com/watch?v=1a5nyrMtRsk
,301,duOH5cKyS2A,"Lutt Le Gaya (From ""Dhurandhar"")",,https://www.youtube.com/watch?v=duOH5cKyS2A
,302,YyepU5ztLf4,"Shararat | Dhurandhar | Ranveer, Aditya Dhar, Shashwat, Jasmine, Madhubanti, Ayesha, Krystle",Shararat,https://www.youtube.com/watch?v=YyepU5ztLf4
,303,TFTnJzWRTJ8,"Naal Nachna | Dhurandhar | Ranveer Singh, Sara Arjun, Shashwat Sachdev, Afsana Khan, Reble, Irshad",Naal Nachna,https://www.youtube.com/watch?v=TFTnJzWRTJ8
,304,fCkeLBGSINs,Original Pokemon Theme Singer Jason Paige In Studio Full Pokemon Theme Song,,https://www.youtube.com/watch?v=fCkeLBGSINs
,305,F2RnxZnubCM,Titanic • My Heart Will Go On • Celine Dion,,https://www.youtube.com/watch?v=F2RnxZnubCM
,306,Th2qSOGPXFo,Gasolina - Daddy yankee,Gasolina,https://www.youtube.com/watch?v=Th2qSOGPXFo
,307,Wj2ijfU3VFE,Miyagi & Andy Panda - Kosandra (Adam Maniac remix),Miyagi & Andy Panda,https://www.youtube.com/watch?v=Wj2ijfU3VFE
,308,UNZqm3dxd2w,Roddy Ricch - The Box [Official Music Video],Roddy Ricch,https://www.youtube.com/watch?v=UNZqm3dxd2w
,309,I1nX5EuvwzE,Shubh - Elevated (Official Music Video),Shubh,https://www.youtube.com/watch?v=I1nX5EuvwzE
,310,TGveXf6oYbE,Man Of Steel - Ringtone (Flight),Man Of Steel,https://www.youtube.com/watch?v=TGveXf6oYbE
,311,27mB8verLK8,Pirates Of The Caribbean Theme Song,,https://www.youtube.com/watch?v=27mB8verLK8
,312,kpz8lpoLvrA,Interstellar Main Theme - Hans Zimmer,Interstellar Main Theme,https://www.youtube.com/watch?v=kpz8lpoLvrA
,313,wtHra9tFISY,Hedwig's Theme,,https://www.youtube.com/watch?v=wtHra9tFISY
,314,YBZ6GPCJcxM,Mission: Impossible Theme,,https://www.youtube.com/watch?v=YBZ6GPCJcxM
,315,zNPXnAVyAUA,Tuyo (Narcos Theme) (Extended Version),,https://www.youtube.com/watch?v=zNPXnAVyAUA
,316,0oIvIwJ3qKg,"Varanasi - GlobeTrotter Song | Mahesh Babu, Priyanka Chopra, Prithviraj |MM Keeravaani |SS Rajamouli",Varanasi,https://www.youtube.com/watch?v=0oIvIwJ3qKg
,317,8qCVXCFREkQ,"Ishq Jalakar - Karvaan | Dhurandhar | Ranveer Singh, Shashwat Sachdev, Aditya Dhar",,https://www.youtube.com/watch?v=8qCVXCFREkQ
,318,8FAUEv_E_xQ,Arabic Kuthu | Halamithi Habibo -Lyric Video| Beast| Thalapathy Vijay| Sun Pictures| Nelson| Anirudh,Arabic Kuthu,https://www.youtube.com/watch?v=8FAUEv_E_xQ
,319,gh3FyLT7WVg,Kurchi Madathapetti Full Video Song | Guntur Kaaram | Mahesh Babu | Sreeleela | Trivikram | Thaman S,,https://www.youtube.com/watch?v=gh3FyLT7WVg
,320,vZ_NpLWuL00,Manali Trance | Yo Yo Honey Singh & Neha Kakkar | The Shaukeens | Lisa Haydon | Akshay Kumar,Manali Trance,https://www.youtube.com/watch?v=vZ_NpLWuL00
,321,NDnoRl9AdyY,THEME SONG | SCAM 1992 - The Harshad Mehta Story | SonyLIV Originals,,https://www.youtube.com/watch?v=NDnoRl9AdyY
,322,Tb3x5I0ulCg,Paisa | Official Music Video | @pokhrelkushal858 | @JioHotstar Taaza Khabar S2,Paisa,https://www.youtube.com/watch?v=Tb3x5I0ulCg
,323,XO8wew38VM8,MILLIONAIRE SONG (Full Video): @YoYoHoneySingh  | GLORY | BHUSHAN KUMAR,,https://www.youtube.com/watch?v=XO8wew38VM8
,324,XsOPuQ9Z7Eo,"Paisa Hai Toh - Farzi |Sachin-Jigar, Vishal Dadlani, MellowD |Shahid Kapoor",Paisa Hai Toh,https://www.youtube.com/watch?v=XsOPuQ9Z7Eo
,325,1F3hm6MfR1k,JAILER - Hukum Lyric Video | Superstar Rajinikanth | Sun Pictures | Anirudh | Nelson,JAILER,https://www.youtube.com/watch?v=1F3hm6MfR1k
,326,-ym0I1D8PfA,Alphaville - Forever Young (Lyrics),Alphaville,https://www.youtube.com/watch?v=-ym0I1D8PfA
,327,kN6HHzEXKFU,"Pushpa Pushpa (Lyrical)-Pushpa 2 The Rule | Allu Arjun |Sukumar |Rashmika |Mika,Nakash |Fahadh F|DSP",,https://www.youtube.com/watch?v=kN6HHzEXKFU
,328,u_wB6byrl5k,Oo Antava Mawa..Oo Oo Antava Video Song (Telugu) | Pushpa Songs | Allu Arjun| DSP |Sukumar |Samantha,,https://www.youtube.com/watch?v=u_wB6byrl5k
,329,R4He_Gcn7cA,The Monster Song - KGF Chapter 2 | Adithi Sagar | Ravi Basrur | Yash | Sanjay Dutt | Prashanth Neel,,https://www.youtube.com/watch?v=R4He_Gcn7cA
,330,DTULJsZ1exc,KGF - BGM / ROCKY WALKS UP THE STAIRS / ORIGINAL SOUNDTRACK - (2K19),KGF,https://www.youtube.com/watch?v=DTULJsZ1exc
,331,RyaefYRe1go,Theme of Kalki (Telugu) | Kalki 2898 AD | Lyrics + English Subtitles | Krishna Entry | Music video,Theme of Kalki (Telugu),https://www.youtube.com/watch?v=RyaefYRe1go
,332,Nqo4iMbNga8,KALKI MASS BGM | JJ music StudioZ | Jos Jossey,KALKI MASS BGM,https://www.youtube.com/watch?v=Nqo4iMbNga8
,333,IxDvpoCmAaY,Lokiverse Theme Video - Vikram | Kamal Haasan | ANIRUDH RAVICHANDER | Lokesh Kanagaraj,,https://www.youtube.com/watch?v=IxDvpoCmAaY
,334,Z1QuBXVrUHU,Sound of Salaar | Music By Ravi Basrur | Hombale Films,Sound of Salaar,https://www.youtube.com/watch?v=Z1QuBXVrUHU
,335,xLtfisGoMeg,Sandhanam Theme Video - Vikram | Kamal Haasan | ANIRUDH RAVICHANDER | Lokesh Kanagaraj,,https://www.youtube.com/watch?v=xLtfisGoMeg
,336,rBLCjz8as0E,Rolex Theme Video - Vikram | Kamal Haasan | ANIRUDH RAVICHANDER | Lokesh Kanagaraj,,https://www.youtube.com/watch?v=rBLCjz8as0E
,337,OsLCY3vz3t8,VIKRAM Title Track Lyric | Kamal Haasan | Vijay Sethupathi | Lokesh Kanagaraj | Anirudh,,https://www.youtube.com/watch?v=OsLCY3vz3t8
,338,ns6Wy_2KRvU,"ANIMAL (BGM): KILLING JEEJA | Harshavardhan R | Ranbir K, Sandeep V, Bhushan K",ANIMAL (BGM): KILLING JEEJA,https://www.youtube.com/watch?v=ns6Wy_2KRvU
,339,wv7XUzlVi3Y,ANIMAL: ABRAR’S ENTRY - JAMAL KUDU | BOBBY DEOL | SANDEEP VANGA | BHUSHAN KUMAR,ANIMAL: ABRAR’S ENTRY,https://www.youtube.com/watch?v=wv7XUzlVi3Y
,340,wk-Db1DzqfE,Dahaa Theme - Coolie OST | Superstar Rajinikanth | Amir Khan | Lokesh | Anirudh | Sun Pictures,Dahaa Theme,https://www.youtube.com/watch?v=wk-Db1DzqfE
,341,OXHTlMPbX7o,Powerhouse - Official Lyric Video | Coolie | Superstar Rajinikanth | Sun Pictures | Lokesh | Anirudh,Powerhouse,https://www.youtube.com/watch?v=OXHTlMPbX7o
,342,feigIqugUsA,Vigdiyan Heeran - Full Video | Honey 3.0 | Yo Yo Honey Singh & Urvashi Rautela | Zee Music Originals,Vigdiyan Heeran,https://www.youtube.com/watch?v=feigIqugUsA
,343,TvngY4unjn4,"Exclusive: LOVE DOSE Full Video Song | Yo Yo Honey Singh, Urvashi Rautela | Desi Kalakaar",,https://www.youtube.com/watch?v=TvngY4unjn4
,344,iuJDhFRDx9M,Tokyo Drift - Teriyaki Boyz [ MUSIC VIDEO ] HD,Tokyo Drift,https://www.youtube.com/watch?v=iuJDhFRDx9M
,345,Fj6cr3FO2JI,"Six Days (Lyrics) - Tokyo Drift || ""it's only monday""",,https://www.youtube.com/watch?v=Fj6cr3FO2JI
,346,MA0aCUxItYA,Imagine Dragons - Demons (Lyrics),Imagine Dragons,https://www.youtube.com/watch?v=MA0aCUxItYA
,347,CMY3lppK124,Time Traveller,,https://www.youtube.com/watch?v=CMY3lppK124
,348,tzWLrPUnIwY,"Sultan Title Song | Salman Khan, Anushka Sharma | Sukhwinder Singh, Shadab Faridi | Vishal & Shekhar",,https://www.youtube.com/watch?v=tzWLrPUnIwY
,349,_pkjkn3qZbM,Imran Khan - Amplifier (Official Audio),Imran Khan,https://www.youtube.com/watch?v=_pkjkn3qZbM
,350,91ZI3IrojMU,Dangal - Title Track | Dangal | Aamir Khan | Pritam | Amitabh Bhattacharya| Daler Mehndi | HD Video,Dangal,https://www.youtube.com/watch?v=91ZI3IrojMU
,351,NhSfvteJ234,Matkar maya ko Ahankar Lyrics- (full song) | Scam 1992-The harshad mehta story end scene song,,https://www.youtube.com/watch?v=NhSfvteJ234
,352,neOasLBWoy0,Monica - Video Song | COOLIE | Superstar Rajinikanth | Sun Pictures | Lokesh | Anirudh | Pooja Hegde,Monica,https://www.youtube.com/watch?v=neOasLBWoy0
,353,GWNrPJyRTcA,Full Video: Chuttamalle - Devara | NTR | Janhvi Kapoor | Anirudh | Shilpa Rao | Koratala Siva,,https://www.youtube.com/watch?v=GWNrPJyRTcA
,354,nCD2hj6zJEc,"Dheere Dheere Se Meri Zindagi Video Song (OFFICIAL) Hrithik Roshan, Sonam Kapoor | Yo Yo Honey Singh",,https://www.youtube.com/watch?v=nCD2hj6zJEc
,355,HO7CRp44s10,"First Kiss: Yo Yo Honey Singh Ft. Ipsitaa | Bhushan Kumar | Lil Golu, Singhsta, Hommie D, DirGifty",,https://www.youtube.com/watch?v=HO7CRp44s10
,356,AbkEmIgJMcU,Afusic - Pal Pal with @Talwiinder  (Official Visualiser) Prod. @AliSoomroMusic,Afusic,https://www.youtube.com/watch?v=AbkEmIgJMcU
,357,SD4Z8dlZPd8,Badshah – Genda Phool | Jacqueline Fernandez | Payal Dev | Hit Anthem of the Year 2021,Badshah,https://www.youtube.com/watch?v=SD4Z8dlZPd8
,358,gHMjgVOz80k,"Vietsub | Go Down Deh - Spice, Sean Paul, Shaggy | Nhạc Hot TikTok | Lyrics Video",Vietsub,https://www.youtube.com/watch?v=gHMjgVOz80k
,359,cWMxCE2HTag,SOFTLY (Official Music Video) KARAN AUJLA | IKKY | LATEST PUNJABI SONGS 2023,,https://www.youtube.com/watch?v=cWMxCE2HTag
,360,KN1BBFb8WbQ,Bo Burnham - Bezos I+II (Lyrics),Bo Burnham,https://www.youtube.com/watch?v=KN1BBFb8WbQ
,361,Qg9LxRHLbAk,KR$NA - I Guess | Official Music Video,KR$NA,https://www.youtube.com/watch?v=Qg9LxRHLbAk
,362,1FXGMxZW_PM,Carol of the Bells,,https://www.youtube.com/watch?v=1FXGMxZW_PM
,363,BFMzpC5PNCU,"Lyrical : Ooh La La Song | The Dirty Picture | Vidya Balan, Naseeruddin Shah, Emraan Hashmi",,https://www.youtube.com/watch?v=BFMzpC5PNCU
,364,jA3XkD8k8-A,Radhe Title Track | Radhe - Your Most Wanted Bhai | Salman Khan & Disha Patani | Sajid Wajid,Radhe Title Track,https://www.youtube.com/watch?v=jA3XkD8k8-A
,365,NbyHNASFi6U,Blue Eyes Full Video Song Yo Yo Honey Singh | Blockbuster Song Of 2013,,https://www.youtube.com/watch?v=NbyHNASFi6U
,366,oRGhqUjWF6U,ANIMAL: Abrar’s Entry - Jamal Kudu (Lyrical Video) | Bobby Deol | Sandeep Vanga | Bhushan Kumar,ANIMAL: Abrar’s Entry,https://www.youtube.com/watch?v=oRGhqUjWF6U
,367,d2ofxg8pHfQ,Shubh - King Shit (Official Audio),Shubh,https://www.youtube.com/watch?v=d2ofxg8pHfQ
,368,tYKrORILFOg,Naam Chale (Official Video) Vikram Sarkar | New Haryanvi Songs Haryanavi 2025 |Latest Haryanvi Songs,,https://www.youtube.com/watch?v=tYKrORILFOg
,369,n2dVFdqMYGA,"Sahiba (Official Music Video) : Aditya Rikhari, Ankita Chhetri | T-Series",,https://www.youtube.com/watch?v=n2dVFdqMYGA
,370,c-FKlE3_kHo,Guru Randhawa - QATAL - (Official Video),Guru Randhawa,https://www.youtube.com/watch?v=c-FKlE3_kHo
,371,sUf2PtEZris,Shaky ( Official #Video ) Sanju Rathod Ft. Isha Malviya | G-Spark | New #Marathi Songs 2025,,https://www.youtube.com/watch?v=sUf2PtEZris
,372,r03GO2AlNUo,"Paisa Paisa -Video Song |De Dana Dan |Akshay Kumar & Katrina Kaif | Pritam |RDB, Manak-E & Selina",,https://www.youtube.com/watch?v=r03GO2AlNUo
,373,roz9sXFkTuE,Aaj Ki Raat | Stree 2 | Tamannaah Bhatia | Sachin–Jigar | Madhubanti Bagchi | Divya K | Amitabh B,Aaj Ki Raat,https://www.youtube.com/watch?v=roz9sXFkTuE
,374,BSJa1UytM8w,"Saiyaara Title Song | Ahaan Panday, Aneet Padda | Tanishk Bagchi, Faheem A, Arslan N | Irshad Kamil",,https://www.youtube.com/watch?v=BSJa1UytM8w
,375,-YlmnPh-6rE,For A Reason (Official Video) Karan Aujla | Tania  | Ikky | Latest Punjabi Songs 2025,,https://www.youtube.com/watch?v=-YlmnPh-6rE
,376,slM5s55Jz0k,Thodi Si Daaru (Official Music Video) | AP Dhillon | Shreya Ghoshal | Tara Sutaria,,https://www.youtube.com/watch?v=slM5s55Jz0k
,377,4-WkUn6DhXQ,Humdum,,https://www.youtube.com/watch?v=4-WkUn6DhXQ
,378,gZ0vHQKfNH8,Paaro,,https://www.youtube.com/watch?v=gZ0vHQKfNH8
,379,ovnXKFPXBVo,ISHQ HAI - Aditya Rikhari,,https://www.youtube.com/watch?v=ovnXKFPXBVo
,380,aaYtQCmn_HQ,Samjho Na,,https://www.youtube.com/watch?v=aaYtQCmn_HQ
,381,jDzgpibEJPc,Nasamajh,,https://www.youtube.com/watch?v=jDzgpibEJPc
,382,zP9n2ZAS28Q,Faasle,,https://www.youtube.com/watch?v=zP9n2ZAS28Q
,383,WTJSt4wP2ME,K'NAAN - Wavin' Flag (Coca-Cola Celebration Mix),K'NAAN,https://www.youtube.com/watch?v=WTJSt4wP2ME
,384,1OAjeECW90E,Dhanda Nyoliwala - Russian Bandana (Music Video) | Deepesh Goyal | VYRL Haryanvi,Dhanda Nyoliwala,https://www.youtube.com/watch?v=1OAjeECW90E
,385,-zn5qgqbFCM,"Iski Bhen Ki Maje Maje (Official) | Rod Pe Kothi Ho | Preet Sandhu, Nisha | New Haryanvi Song 2024",,https://www.youtube.com/watch?v=-zn5qgqbFCM
,386,wWvj3BkmXQo,KALAASTAR | Honey 3.0 | Yo Yo Honey Singh & Sonakshi Sinha | Zee Music Originals | Lyrical Video,KALAASTAR,https://www.youtube.com/watch?v=wWvj3BkmXQo
,387,jTg15DrXhB0,LYRICAL: Desi Kalakaar Full Song with LYRICS | Yo Yo Honey Singh | Sonakshi Sinha,,https://www.youtube.com/watch?v=jTg15DrXhB0
,388,tNc2coVC2aw,Sahiba,,https://www.youtube.com/watch?v=tNc2coVC2aw
,389,ekr2nIex040,ROSÉ & Bruno Mars - APT. (Official Music Video),ROSÉ & Bruno Mars,https://www.youtube.com/watch?v=ekr2nIex040
,390,zgaCZOQCpp8,"Lady Gaga, Bruno Mars - Die With A Smile (Lyrics)","Lady Gaga, Bruno Mars",https://www.youtube.com/watch?v=zgaCZOQCpp8
,391,ICp785flBgU,Elliot James Reay - I Think They Call This Love (Lyrics),Elliot James Reay,https://www.youtube.com/watch?v=ICp785flBgU
,392,bMBdqvJWofQ,One Direction - Night Changes (Lyrics),One Direction,https://www.youtube.com/watch?v=bMBdqvJWofQ
,393,m5r3Bnu9es0,Kygo ‒ Stranger Things (Lyrics) ft. OneRepublic,,https://www.youtube.com/watch?v=m5r3Bnu9es0
,394,t4H_Zoh7G5A,"Jennifer Lopez, Pitbull - On The Floor (Official Music Video)","Jennifer Lopez, Pitbull",https://www.youtube.com/watch?v=t4H_Zoh7G5A
,395,CevxZvSJLk8,Katy Perry - Roar,Katy Perry,https://www.youtube.com/watch?v=CevxZvSJLk8
,396,60ItHLz5WEA,Alan Walker - Faded,Alan Walker,https://www.youtube.com/watch?v=60ItHLz5WEA
,397,JGwWNGJdvx8,Ed Sheeran - Shape of You (Official Music Video),Ed Sheeran,https://www.youtube.com/watch?v=JGwWNGJdvx8
,398,wy0l2r0IxkI,Ghost B.C. - Year Zero (AUDIO),Ghost B.C.,https://www.youtube.com/watch?v=wy0l2r0IxkI
,399,HWjCStB6k4o,Ace of Base - Happy Nation (Official Music Video),Ace of Base,https://www.youtube.com/watch?v=HWjCStB6k4o
,400,zQO7J483Dng,Lana Del Rey - Summertime Sadness (Lyrics),Lana Del Rey,https://www.youtube.com/watch?v=zQO7J483Dng
,401,MEg-oqI9qmw,Masked Wolf - Astronaut In The Ocean (Official Music Video),Masked Wolf,https://www.youtube.com/watch?v=MEg-oqI9qmw
,402,2nP3ElUtFDU,[Moonknight] - A man without love,[Moonknight],https://www.youtube.com/watch?v=2nP3ElUtFDU
,403,awkkyBH2zEo,LISA - 'LALISA' M/V,LISA,https://www.youtube.com/watch?v=awkkyBH2zEo
,404,YaOlxgJHif0,"Calvin Harris, Dua Lipa - One Kiss (Lyrics)","Calvin Harris, Dua Lipa",https://www.youtube.com/watch?v=YaOlxgJHif0
,405,HCjNJDNzw8Y,Camila Cabello - Havana (Audio) ft. Young Thug,Camila Cabello,https://www.youtube.com/watch?v=HCjNJDNzw8Y
,406,8fkXQaWrqKE,Neoni - DARKSIDE x Aaja Sanam,Neoni,https://www.youtube.com/watch?v=8fkXQaWrqKE
,407,ixkoVwKQaJg,"DJ Snake - Taki Taki ft. Selena Gomez, Ozuna, Cardi B (Official Music Video)",DJ Snake,https://www.youtube.com/watch?v=ixkoVwKQaJg
,408,TUVcZfQe-Kw,Dua Lipa - Levitating Featuring DaBaby (Official Music Video),Dua Lipa,https://www.youtube.com/watch?v=TUVcZfQe-Kw
,409,37V3b39_EXw,Eminem - Mockingbird (Lyrics),Eminem,https://www.youtube.com/watch?v=37V3b39_EXw
,410,rfTgO9rpqck,Glass Animals - Heat Waves,Glass Animals,https://www.youtube.com/watch?v=rfTgO9rpqck
,411,ZNsPYmkSPeI,Imagine Dragons - Bones (Lyrics),Imagine Dragons,https://www.youtube.com/watch?v=ZNsPYmkSPeI
,412,00v5Eiz1C5o,"Mi Gente -  J  Balvin Featuring Beyonce Ft. Beyonce , Willy William (Lyrics)",Mi Gente,https://www.youtube.com/watch?v=00v5Eiz1C5o
,413,FuxEantalfE,Kaho Na Kaho || Arabic Mix || HD VIDEO || kaho na kaho remix | Arabic songs,,https://www.youtube.com/watch?v=FuxEantalfE
,414,oLnFLsIDLic,Katy Perry - Dark Horse ft. Juicy J,Katy Perry,https://www.youtube.com/watch?v=oLnFLsIDLic
,415,qFbvYFJedPw,"Kid Cudi - Day 'N' Nite (Lyrics) ""Now look at this"" [Tiktok Song]",Kid Cudi,https://www.youtube.com/watch?v=qFbvYFJedPw
,416,iFPMz36std4,Kygo - Stranger Things ft. OneRepublic (Official Audio),Kygo,https://www.youtube.com/watch?v=iFPMz36std4
,417,HCq1OcAEAm0,Lil Nas X - Industry Baby (Lyrics) ft. Jack Harlow,Lil Nas X,https://www.youtube.com/watch?v=HCq1OcAEAm0
,418,NUsoVlDFqZg,"Enrique Iglesias - Bailando ft. Descemer Bueno, Gente De Zona",Enrique Iglesias,https://www.youtube.com/watch?v=NUsoVlDFqZg
,419,kJQP7kiw5Fk,Luis Fonsi - Despacito ft. Daddy Yankee,Luis Fonsi,https://www.youtube.com/watch?v=kJQP7kiw5Fk
,420,sCbbMZ-q4-I,"Lut Gaye (Full Song) Emraan Hashmi, Yukti | Jubin N, Tanishk B, Manoj M | Bhushan K | Radhika-Vinay",,https://www.youtube.com/watch?v=sCbbMZ-q4-I
,421,N1BcpzPGlYQ,Maroon 5 - Sugar (Lyrics),Maroon 5,https://www.youtube.com/watch?v=N1BcpzPGlYQ
,422,lrIKt5uDWZo,Modern Talking - Cheri Cheri Lady (Lyrics),Modern Talking,https://www.youtube.com/watch?v=lrIKt5uDWZo
,423,9bZkp7q19f0,PSY - GANGNAM STYLE(강남스타일) M/V,PSY,https://www.youtube.com/watch?v=9bZkp7q19f0
,424,WgTMeICssXY,Ruth B. - Dandelions (Lyrics),Ruth B.,https://www.youtube.com/watch?v=WgTMeICssXY
,425,166tsC3RUcc,"Sean Paul, Dua Lipa - No Lie","Sean Paul, Dua Lipa",https://www.youtube.com/watch?v=166tsC3RUcc
,426,1YBl3Zbt80A,"Badri Ki Dulhania (Title Track) Varun,Alia,Tanishk,Neha,Monali,Ikka |Badrinath Ki Dulhania|Holi Song",,https://www.youtube.com/watch?v=1YBl3Zbt80A
,427,rW9_-dVCmrM,"Saturday Saturday | Humpty Sharma Ki Dulhania | Varun Dhawan, Alia Bhatt |Badshah, Akriti Kakkar| 4K",Saturday Saturday,https://www.youtube.com/watch?v=rW9_-dVCmrM
,428,czWcyZRAMtk,Shakira - Waka Waka (This Time For Africa) (Lyrics),Shakira,https://www.youtube.com/watch?v=czWcyZRAMtk
,429,Pkh8UtuejGw,"Shawn Mendes, Camila Cabello - Señorita","Shawn Mendes, Camila Cabello",https://www.youtube.com/watch?v=Pkh8UtuejGw
,430,mY9fNwGE7YA,Sia - Cheap Thrills (Lyrics) ft. Sean Paul,Sia,https://www.youtube.com/watch?v=mY9fNwGE7YA
,431,jJvDnYdD8JQ,Sia - Unstoppable (Lyrics),Sia,https://www.youtube.com/watch?v=jJvDnYdD8JQ
,432,EDqnADGdagc,Sigma Rule Male Theme Song By - jems trap,,https://www.youtube.com/watch?v=EDqnADGdagc
,433,nAQ_1lTDvPQ,Taylor Swift - Blank Space (Lyrics),Taylor Swift,https://www.youtube.com/watch?v=nAQ_1lTDvPQ
,434,25ROFXjoaAU,The Chainsmokers - Closer (Lyrics) ft. Halsey,The Chainsmokers,https://www.youtube.com/watch?v=25ROFXjoaAU
,435,yWHrYNP6j4k,"The Kid LAROI, Justin Bieber - Stay (Lyrics)",,https://www.youtube.com/watch?v=yWHrYNP6j4k
,436,pfVODjDBFxU,Imran Khan - Satisfya (Official Music Video),Imran Khan,https://www.youtube.com/watch?v=pfVODjDBFxU
,437,FYmm5YQSv2I,"WWE: ""The Game"" ► Triple H 17th Theme Song",,https://www.youtube.com/watch?v=FYmm5YQSv2I
,438,o5jlLJa2Zhs,"""Legendary"" (Official Audio) - Welshly Arms",,https://www.youtube.com/watch?v=o5jlLJa2Zhs
,439,NDEWXnMRq3c,Wiz Khalifa - See You Again ft. Charlie Puth (Lyrics),Wiz Khalifa,https://www.youtube.com/watch?v=NDEWXnMRq3c
,440,4h0a1NCeC14,Sabrina Carpenter - Espresso,Sabrina Carpenter,https://www.youtube.com/watch?v=4h0a1NCeC14
,441,W7kdKf_aqX4,"Party With The Bhoothnath Song (Official) | Bhoothnath Returns | Amitabh Bachchan, Yo Yo Honey Singh",,https://www.youtube.com/watch?v=W7kdKf_aqX4
,442,zWGLC-YVcv4,Guru Randhawa - SIRRA (Lyrics),Guru Randhawa,https://www.youtube.com/watch?v=zWGLC-YVcv4
,443,69CEiHfS_mc,"Lungi Dance | Chennai Express | New Video Feat. Honey Singh, Shahrukh Khan, Deepika Paudkone",Lungi Dance,https://www.youtube.com/watch?v=69CEiHfS_mc
,444,h5ke4Ka4_mg,Nathan Evans - There once was a ship that put to sea (Wellerman) (Lyrics),Nathan Evans,https://www.youtube.com/watch?v=h5ke4Ka4_mg
,445,4dsFQFCvVGU,"Kajra Re | Full Song | Bunty Aur Babli | Aishwarya, Abhishek, Amitabh Bachchan | Shankar-Ehsaan-Loy",Kajra Re,https://www.youtube.com/watch?v=4dsFQFCvVGU
,446,x5Oag4hISgU,Boney M - Rasputin (Lyrics),Boney M,https://www.youtube.com/watch?v=x5Oag4hISgU
,447,hHB1Ikzfpmc,Private video,,https://www.youtube.com/watch?v=hHB1Ikzfpmc
,448,ayQoNlqGBAI,Roman Reigns – I Am Greatness (Entrance Theme),Roman Reigns,https://www.youtube.com/watch?v=ayQoNlqGBAI
,449,MKlvqLzTU18,Skillet - Legendary (Lyrics),Skillet,https://www.youtube.com/watch?v=MKlvqLzTU18
,450,F_mhWxOjxp4,"Alan Silvestri - Portals (From ""Avengers: Endgame""/Audio Only)",Alan Silvestri,https://www.youtube.com/watch?v=F_mhWxOjxp4
,451,GtEvysh1654,Imagine Dragons - Thunder (Lyrics),Imagine Dragons,https://www.youtube.com/watch?v=GtEvysh1654
,452,LLKbtcwS6Ys,Private video,,https://www.youtube.com/watch?v=LLKbtcwS6Ys
,453,ehZFyxRbyd0,La casa de papel Soundtrack | Cecilia Krull - My life is going on (Lyric Video),,https://www.youtube.com/watch?v=ehZFyxRbyd0
,454,VLlsIoHHL50,Game of Thrones | Imperial Orchestra,Game of Thrones,https://www.youtube.com/watch?v=VLlsIoHHL50
,455,DzlfEih1NCM,Coldplay - Hymn For The Weekend (Lyrics),Coldplay,https://www.youtube.com/watch?v=DzlfEih1NCM
,456,XwxLwG2_Sxk,The Weeknd - Blinding Lights (Lyrics),The Weeknd,https://www.youtube.com/watch?v=XwxLwG2_Sxk
,457,1yx1aV7Av2M,2CELLOS - Game of Thrones [Live at Sydney Opera House],2CELLOS,https://www.youtube.com/watch?v=1yx1aV7Av2M
,458,tlkgbwmN9mQ,Game of Thrones S8 Official Soundtrack | The Rains of Castamere - Ramin Djawadi | WaterTower,,https://www.youtube.com/watch?v=tlkgbwmN9mQ
,459,W0DM5lcj6mw,Imagine Dragons - Believer (Lyrics),Imagine Dragons,https://www.youtube.com/watch?v=W0DM5lcj6mw
,460,0aUav1lx3rA,La Casa De Papel - Bella Ciao [Lyrics] (Money Heist),La Casa De Papel,https://www.youtube.com/watch?v=0aUav1lx3rA
,461,FcywwLSXJDs,Peaky Blinder - Gandagana (Emotional Music Video),Peaky Blinder,https://www.youtube.com/watch?v=FcywwLSXJDs
,462,hOHKltAiKXQ,"Hanumankind, Kalmi - Hanumankind – Big Dawgs | Prod. Kalmi (Official Music Video) | Def Jam India","Hanumankind, Kalmi",https://www.youtube.com/watch?v=hOHKltAiKXQ
,463,M8vDwlHigJA,GOAT (Full Video) Sidhu Moose Wala | Wazir Patar | Sukh Sanghera | Moosetape,,https://www.youtube.com/watch?v=M8vDwlHigJA
,464,GgmFC8y8q3k,So High | Official Music Video | Sidhu Moose Wala ft. BYG BYRD | Humble Music,So High,https://www.youtube.com/watch?v=GgmFC8y8q3k
,465,XgoxMLUjWR4,Aarambh Hai Prachand •X• Polozehni - Shrylox 🔥,,https://www.youtube.com/watch?v=XgoxMLUjWR4
,466,U3vONIizYG8,BESOS - Jacqueline Fernandez & Shikhar Dhawan | Shreya Ghoshal & Karl Wine | Freebot | Rajat |Anshul,BESOS,https://www.youtube.com/watch?v=U3vONIizYG8
,467,mZqMrCPrdOs,MACHAYENGE 4,,https://www.youtube.com/watch?v=mZqMrCPrdOs
,468,gpKxohYVFH8,KR$NA - Machayenge 4 | Official Music Video (Prod. Pendo46),KR$NA,https://www.youtube.com/watch?v=gpKxohYVFH8
,469,MgopP2HTzb0,EMIWAY - KR L$DA SIGN (OFFICIAL VIDEO) (EXPLICIT),EMIWAY,https://www.youtube.com/watch?v=MgopP2HTzb0
,470,SenClIIneMI,KR$NA - Lil Bunty | Official Music Video (Prod. Flamboy),KR$NA,https://www.youtube.com/watch?v=SenClIIneMI
,471,aBvj7W9SX4M,EMIWAY BANTAI-GIRAFTAAR (OFFICIAL MUSIC VIDEO),,https://www.youtube.com/watch?v=aBvj7W9SX4M
,472,ZTZkwKzd7l0,EMIWAY-SAMAJH MEIN AAYA KYA? (OFFICIAL MUSIC VIDEO),,https://www.youtube.com/watch?v=ZTZkwKzd7l0
,473,ZvAIqEqG8zg,Deleted video,,https://www.youtube.com/watch?v=ZvAIqEqG8zg
,474,zzwRbKI2pn4,YALGAAR - CARRYMINATI X Wily Frenzy,YALGAAR,https://www.youtube.com/watch?v=zzwRbKI2pn4
,475,VNs_cCtdbPc,BROWN MUNDE - AP DHILLON | GURINDER GILL | SHINDA KAHLON (Official Music Video),BROWN MUNDE,https://www.youtube.com/watch?v=VNs_cCtdbPc
,476,vX2cDW8LUWk,Excuses (Official Video) | AP Dhillon | Gurinder Gill | Intense,,https://www.youtube.com/watch?v=vX2cDW8LUWk
,477,fNiPOqHTB6M,Sarkar | Jaura Phagwara (Official Video) Byg Byrd | Sarkar Ta Saadi Apni Ae,Sarkar,https://www.youtube.com/watch?v=fNiPOqHTB6M
,478,6RrEQJNZwPQ,No Love (Official Audio) - Shubh,,https://www.youtube.com/watch?v=6RrEQJNZwPQ
,479,hV8EGTjzD2s,We Rollin (Official Video) - Shubh | Rubbal GTR,,https://www.youtube.com/watch?v=hV8EGTjzD2s
,480,bzW9fmwcmG4,Daru Badnaam | Kamal Kahlon & Param Singh | Official Video | Pratik Studio | Latest Punjabi Songs,Daru Badnaam,https://www.youtube.com/watch?v=bzW9fmwcmG4
,481,WOdnRhWeHoY,DAKU | INDERPAL MOGA | CHANI NATTAN | NEW PUNJABI SONG | LATEST PUNJABI SONG 2022 |Daku Ik number da,DAKU,https://www.youtube.com/watch?v=WOdnRhWeHoY
,482,obgMGM6I2rE,"2 Khatole : MASOOM SHARMA | Manjeet Mor, Chahal Saab, Vikash Rajana | New Haryanvi Song 2024",,https://www.youtube.com/watch?v=obgMGM6I2rE
,483,Ezsb5afVXQQ,Ud-daa Punjab - Full Video | Udta Punjab | Vishal Dadlani & Amit Trivedi | Shahid Kapoor,Ud-daa Punjab,https://www.youtube.com/watch?v=Ezsb5afVXQQ
,484,6JiYaL0Vawc,Deleted video,,https://www.youtube.com/watch?v=6JiYaL0Vawc
,485,0pWsCiBvLOk,Shubh - One Love (Official Audio),Shubh,https://www.youtube.com/watch?v=0pWsCiBvLOk
,486,TwFBtV13KQQ,'One Bottle Down' Full Song with LYRICS | Yo Yo Honey Singh | T-SERIES,,https://www.youtube.com/watch?v=TwFBtV13KQQ
,487,x8F5dz8kv1w,"Chaar Botal Vodka Full Song Feat. Yo Yo Honey Singh, Sunny Leone | Ragini MMS 2",,https://www.youtube.com/watch?v=x8F5dz8kv1w
,488,VEkj2sanAeU,"Saiyaan Ji ► Yo Yo Honey Singh, Neha Kakkar|Nushrratt Bharuccha|  Lil G, Hommie D| Mihir G|Bhushan K",,https://www.youtube.com/watch?v=VEkj2sanAeU
,489,eizmCZv3aKI,Brown Rang | Yo Yo Honey Singh | Full Song | Latest Punjabi Song 2024,Brown Rang,https://www.youtube.com/watch?v=eizmCZv3aKI
,490,KGn-erOG-Bs,LAAL PARI (Song): Yo Yo Honey Singh | Sajid Nadiadwala | Tarun Mansukhani | Housefull 5,,https://www.youtube.com/watch?v=KGn-erOG-Bs
,491,jOTeBVtlnXU,TOP G themes song | (Lyrics) Andrew Tate's Theme,,https://www.youtube.com/watch?v=jOTeBVtlnXU
,492,fPO76Jlnz6c,Coolio - Gangsta's Paradise (feat. L.V.) [Official Music Video],Coolio,https://www.youtube.com/watch?v=fPO76Jlnz6c
,493,aFgxMI_sO3M,Journey - Separate Ways (Worlds apart) (Lyrics),Journey,https://www.youtube.com/watch?v=aFgxMI_sO3M
,494,6xoB4ZiKKn0,THE LAST RIDE - Offical Video |  Sidhu Moose Wala | Wazir Patar,THE LAST RIDE,https://www.youtube.com/watch?v=6xoB4ZiKKn0
,495,n_FCrCQ6-bA,295 (Official Audio) | Sidhu Moose Wala | The Kidd | Moosetape,,https://www.youtube.com/watch?v=n_FCrCQ6-bA
,496,4tywp83zkmk,Shubh - Cheques (Official Music Video),Shubh,https://www.youtube.com/watch?v=4tywp83zkmk
,497,XTp5jaRU3Ws,WAVY (OFFICIAL VIDEO) KARAN AUJLA | LATEST PUNJABI SONGS 2024,,https://www.youtube.com/watch?v=XTp5jaRU3Ws
,498,cl0a3i2wFcc,Diljit Dosanjh - G.O.A.T. (Official Music Video),Diljit Dosanjh,https://www.youtube.com/watch?v=cl0a3i2wFcc
,499,zqGW6x_5N0k,"ANIMAL: ARJAN VAILLY | Ranbir Kapoor | Sandeep Vanga | Bhupinder B, Manan B | Bhushan K",ANIMAL: ARJAN VAILLY,https://www.youtube.com/watch?v=zqGW6x_5N0k
,500,8lHWb7UdTUw,YADAV BRAND 2 - (GTA Video) Sunny Yaduvanshi ft.AK Rok I Nitesh Ujoli I Latest haryanvi songs 2022,YADAV BRAND 2,https://www.youtube.com/watch?v=8lHWb7UdTUw
,501,702uU0t65og,"Kaleshi Chori (Video) Pranjal Dahiya | DG IMMORTALS, Raga, Harjas, Virtual_AF, Sshiv | Deepesh Goyal",,https://www.youtube.com/watch?v=702uU0t65og
,502,vrjndQ4BXMU,JATT MEHKMA SONG (Full Video): YO YO HONEY SINGH | GLORY | BHUSHAN KUMAR,,https://www.youtube.com/watch?v=vrjndQ4BXMU
,503,W8x6Dwyj0-A,MANIAC (Official Video): YO YO HONEY SINGH | ESHA GUPTA | GLORY | BHUSHAN KUMAR,,https://www.youtube.com/watch?v=W8x6Dwyj0-A
,504,qIbz_FDkJxU,Arey Pagol Hoye Jabo Ami | Deep Jandu | Bohemia | #punjabisong 2020,,https://www.youtube.com/watch?v=qIbz_FDkJxU
